{
    "parent": "item/generated",
    "textures": {
        "layer0": "item/bow"
    },
    "display": {
        "thirdperson_righthand": {
            "rotation": [
                -80,
                260,
                -40
            ],
            "translation": [
                -1,
                -2,
                2.5
            ],
            "scale": [
                0.9,
                0.9,
                0.9
            ]
        },
        "thirdperson_lefthand": {
            "rotation": [
                -80,
                -280,
                40
            ],
            "translation": [
                -1,
                -2,
                2.5
            ],
            "scale": [
                0.9,
                0.9,
                0.9
            ]
        },
        "firstperson_righthand": {
            "rotation": [
                0,
                -90,
                25
            ],
            "translation": [
                1.13,
                3.2,
                1.13
            ],
            "scale": [
                0.68,
                0.68,
                0.68
            ]
        },
        "firstperson_lefthand": {
            "rotation": [
                0,
                90,
                -25
            ],
            "translation": [
                1.13,
                3.2,
                1.13
            ],
            "scale": [
                0.68,
                0.68,
                0.68
            ]
        }
    },
    "overrides": [
        {
            "predicate": {
                "pulling": 1
            },
            "model": "item/bow_pulling_0"
        },
        {
            "predicate": {
                "pulling": 1,
                "pull": 0.65
            },
            "model": "item/bow_pulling_1"
        },
        {
            "predicate": {
                "pulling": 1,
                "pull": 0.9
            },
            "model": "item/bow_pulling_2"
        },







        {
            "predicate": {
                "custom_model_data": 27014
            },
            "model": "1_splatus:item/phantom_resting"
        },
        {
            "predicate": {
                "custom_model_data": 27014,
                "pulling": 1
            },
            "model": "1_splatus:item/phantom_pulling_0"
        },
        {
            "predicate": {
                "custom_model_data": 27014,
                "pulling": 1,
                "pull": 0.65
            },
            "model": "1_splatus:item/phantom_pulling_1"
        },
        {
            "predicate": {
                "custom_model_data": 27014,
                "pulling": 1,
                "pull": 0.9
            },
            "model": "1_splatus:item/phantom_pulling_2"
        },

        

        {
            "predicate": {
                "custom_model_data": 27015
            },
            "model": "1_splatus:item/frost_resting"
        },
        {
            "predicate": {
                "custom_model_data": 27015,
                "pulling": 1
            },
            "model": "1_splatus:item/frost_pulling_0"
        },
        {
            "predicate": {
                "custom_model_data": 27015,
                "pulling": 1,
                "pull": 0.65
            },
            "model": "1_splatus:item/frost_pulling_1"
        },
        {
            "predicate": {
                "custom_model_data": 27015,
                "pulling": 1,
                "pull": 0.9
            },
            "model": "1_splatus:item/frost_pulling_2"
        },







        
        {
            "predicate": {
                "custom_model_data": 47031
            },
            "model": "1_splatus:item/endlight_resting"
        },
        {
            "predicate": {
                "custom_model_data": 47031,
                "pulling": 1
            },
            "model": "1_splatus:item/endlight_pulling_0"
        },
        {
            "predicate": {
                "custom_model_data": 47031,
                "pulling": 1,
                "pull": 0.65
            },
            "model": "1_splatus:item/endlight_pulling_1"
        },
        {
            "predicate": {
                "custom_model_data": 47031,
                "pulling": 1,
                "pull": 0.9
            },
            "model": "1_splatus:item/endlight_pulling_2"
        },




        {
            "predicate": {
                "custom_model_data": 47032
            },
            "model": "1_splatus:item/blowgun_normalts"
        },
        {
            "predicate": {
                "custom_model_data": 47032,
                "pulling": 1
            },
            "model": "1_splatus:item/blowgun_charged"
        },
        {
            "predicate": {
                "custom_model_data": 47032,
                "pulling": 1,
                "pull": 0.65
            },
            "model": "1_splatus:item/blowgun_charged"
        },
        {
            "predicate": {
                "custom_model_data": 47032,
                "pulling": 1,
                "pull": 0.9
            },
            "model": "1_splatus:item/blowgun_charged"
        }



        ,

        {
            "predicate": {
                "custom_model_data": 47040
            },
            "model": "1_splatus:item/magmus_resting"
        },
        {
            "predicate": {
                "custom_model_data": 47040,
                "pulling": 1
            },
            "model": "1_splatus:item/magmus_pulling_0"
        },
        {
            "predicate": {
                "custom_model_data": 47040,
                "pulling": 1,
                "pull": 0.65
            },
            "model": "1_splatus:item/magmus_pulling_1"
        },
        {
            "predicate": {
                "custom_model_data": 47040,
                "pulling": 1,
                "pull": 0.9
            },
            "model": "1_splatus:item/magmus_pulling_2"
        },
        {
            "predicate": {
                "custom_model_data": 47041
            },
            "model": "1_splatus:item/magmus_fire"
        },
        {
            "predicate": {
                "custom_model_data": 47042
            },
            "model": "1_splatus:item/magmus_fire1"
        },
        {
            "predicate": {
                "custom_model_data": 47043
            },
            "model": "1_splatus:item/magmus_fire2"
        },



        {
            "predicate": {
                "custom_model_data": 87002
            },
            "model": "1_splatus:item/spirit_bow"
        },
        {
            "predicate": {
                "custom_model_data": 87002,
                "pulling": 1
            },
            "model": "1_splatus:item/spirit_bow0"
        },
        {
            "predicate": {
                "custom_model_data": 87002,
                "pulling": 1,
                "pull": 0.65
            },
            "model": "1_splatus:item/spirit_bow1"
        },
        {
            "predicate": {
                "custom_model_data": 87002,
                "pulling": 1,
                "pull": 0.9
            },
            "model": "1_splatus:item/spirit_bow2"
        }
    ]
}