{
  "parent": "minecraft:item/handheld",
  "textures": {
    "layer0": "minecraft:item/diamond_sword"
  },
  "overrides": [
    {
      "predicate": {
        "custom_model_data": 47001
      },
      "model": "1_splatus:item/end_excalibur"
    },
    {
      "predicate": {
        "custom_model_data": 47002
      },
      "model": "1_splatus:item/end_excalibur_ready"
    },
    {
      "predicate": {
        "custom_model_data": 47003
      },
      "model": "1_splatus:item/end_excalibur_ready_loop"
    },
    {
      "predicate": {
        "custom_model_data": 47042
      },
      "model": "1_splatus:item/crucible"
    },
    {
      "predicate": {
        "custom_model_data": 47043
      },
      "model": "1_splatus:item/crucible_charged"
    },
    

    
    {
      "predicate": {
        "custom_model_data": 47046
      },
      "model": "1_splatus:item/moonlight_edge"
    },
    
    {
      "predicate": {
        "custom_model_data": 47047
      },
      "model": "1_splatus:item/moonlight_edge_charged"
    }
    
    
    
  ]
}