{
  "parent": "minecraft:item/handheld",
  "textures": {
    "layer0": "minecraft:item/netherite_sword"
  },
  "overrides": [
  
    
    
    {
      "predicate": {
        "custom_model_data": 47001
      },
      "model": "1_splatus:item/burnt_end_excalibur"
    }
    ,
    {
      "predicate": {
        "custom_model_data": 47042
      },
      "model": "1_splatus:item/burnt_crucible"
    }
    ,
    {
      "predicate": {
        "custom_model_data": 47046
      },
      "model": "1_splatus:item/burnt_moonlight_edge"
    },




    {
      "predicate": {
        "custom_model_data": 47995
      },
      "model": "1_splatus:item/unused/light"
    }
   
  ]
}