{
	"credit": "Made with Blockbench",
	"texture_size": [64, 64],
	"textures": {
		"0": "entity/lephantidle",
		"particle": "entity/lephantidle"
	},
	"elements": [
		{
			"name": "Head",
			"from": [6.58, 5.23, 1.604],
			"to": [9.48, 8.71, 4.446],
			"rotation": {"angle": 0, "axis": "y", "origin": [-1.25, -2.89, 1.72]},
			"faces": {
				"north": {"uv": [3.5, 2.75, 4.125, 3.5], "texture": "#0"},
				"east": {"uv": [3.5, 3.5, 4.125, 4.25], "texture": "#0"},
				"south": {"uv": [0, 3.75, 0.625, 4.5], "texture": "#0"},
				"west": {"uv": [3.75, 0, 4.375, 0.75], "texture": "#0"},
				"up": {"uv": [1.375, 4.375, 0.75, 3.75], "texture": "#0"},
				"down": {"uv": [2.125, 3.75, 1.5, 4.375], "texture": "#0"}
			}
		},
		{
			"name": "Neck",
			"from": [7.26, 5.175, 2.744],
			"to": [8.74, 6.655, 4.298],
			"rotation": {"angle": 45, "axis": "x", "origin": [8, 4.435, 3.2435]},
			"faces": {
				"north": {"uv": [4.25, 1.5, 4.75, 2], "texture": "#0"},
				"east": {"uv": [0, 4.5, 0.5, 5], "texture": "#0"},
				"south": {"uv": [4.5, 0, 5, 0.5], "texture": "#0"},
				"west": {"uv": [0.5, 4.5, 1, 5], "texture": "#0"},
				"up": {"uv": [1.5, 5, 1, 4.5], "texture": "#0"},
				"down": {"uv": [2, 4.5, 1.5, 5], "texture": "#0"}
			}
		},
		{
			"from": [6.557, 1.60226, 8.85373],
			"to": [7.593, 3.52626, 10.07473],
			"rotation": {"angle": 22.5, "axis": "x", "origin": [7.075, 1.23226, 10.11173]},
			"faces": {
				"north": {"uv": [4.75, 4.25, 5.125, 4.875], "texture": "#0"},
				"east": {"uv": [3.75, 4.25, 4.1875, 4.875], "texture": "#0"},
				"south": {"uv": [0, 5, 0.375, 5.625], "texture": "#0"},
				"west": {"uv": [4.25, 4.25, 4.6875, 4.875], "texture": "#0"},
				"up": {"uv": [5.125, 5.4375, 4.75, 5], "texture": "#0"},
				"down": {"uv": [5.625, 0, 5.25, 0.4375], "texture": "#0"}
			}
		},
		{
			"from": [6.631, 1.29, 9.774],
			"to": [7.519, 2.289, 10.662],
			"rotation": {"angle": -22.5, "axis": "x", "origin": [7.075, 1.0125, 10.403]},
			"faces": {
				"north": {"uv": [5.75, 0, 6.0625, 0.3125], "texture": "#0"},
				"east": {"uv": [0.5, 5.75, 0.8125, 6.0625], "texture": "#0"},
				"south": {"uv": [5.75, 0.5, 6.0625, 0.8125], "texture": "#0"},
				"west": {"uv": [5.75, 1, 6.0625, 1.3125], "texture": "#0"},
				"up": {"uv": [6.0625, 1.8125, 5.75, 1.5], "texture": "#0"},
				"down": {"uv": [2.0625, 5.75, 1.75, 6.0625], "texture": "#0"}
			}
		},
		{
			"from": [6.594, -0.005, 9.922],
			"to": [7.556, 0.55, 10.884],
			"rotation": {"angle": 0, "axis": "y", "origin": [14.475, -0.005, 3.003]},
			"faces": {
				"north": {"uv": [6.5, 4, 6.8125, 4.1875], "texture": "#0"},
				"east": {"uv": [4.25, 6.5, 4.5625, 6.6875], "texture": "#0"},
				"south": {"uv": [6.5, 4.25, 6.8125, 4.4375], "texture": "#0"},
				"west": {"uv": [6.5, 4.5, 6.8125, 4.6875], "texture": "#0"},
				"up": {"uv": [6.0625, 5.3125, 5.75, 5], "texture": "#0"},
				"down": {"uv": [6.0625, 5.5, 5.75, 5.8125], "texture": "#0"}
			}
		},
		{
			"from": [6.705, 0.365, 9.848],
			"to": [7.445, 1.29, 10.588],
			"rotation": {"angle": -22.5, "axis": "x", "origin": [7.075, 1.0125, 10.403]},
			"faces": {
				"north": {"uv": [0.75, 6.25, 1, 6.5625], "texture": "#0"},
				"east": {"uv": [6.25, 1, 6.5, 1.3125], "texture": "#0"},
				"south": {"uv": [6.25, 1.5, 6.5, 1.8125], "texture": "#0"},
				"west": {"uv": [1.75, 6.25, 2, 6.5625], "texture": "#0"},
				"up": {"uv": [6.75, 1.75, 6.5, 1.5], "texture": "#0"},
				"down": {"uv": [6.75, 1.75, 6.5, 2], "texture": "#0"}
			}
		},
		{
			"from": [8.555, 0.365, 9.848],
			"to": [9.295, 1.29, 10.588],
			"rotation": {"angle": -22.5, "axis": "x", "origin": [8.925, 1.0125, 10.403]},
			"faces": {
				"north": {"uv": [6.25, 0, 6.5, 0.3125], "texture": "#0"},
				"east": {"uv": [0.25, 6.25, 0.5, 6.5625], "texture": "#0"},
				"south": {"uv": [0.5, 6.25, 0.75, 6.5625], "texture": "#0"},
				"west": {"uv": [6.25, 0.5, 6.5, 0.8125], "texture": "#0"},
				"up": {"uv": [6.25, 5, 6, 4.75], "texture": "#0"},
				"down": {"uv": [1.75, 6.5, 1.5, 6.75], "texture": "#0"}
			}
		},
		{
			"from": [8.444, -0.005, 9.922],
			"to": [9.406, 0.55, 10.884],
			"rotation": {"angle": 0, "axis": "y", "origin": [1.525, -0.005, 3.003]},
			"faces": {
				"north": {"uv": [3.25, 6.5, 3.5625, 6.6875], "texture": "#0"},
				"east": {"uv": [6.5, 3.25, 6.8125, 3.4375], "texture": "#0"},
				"south": {"uv": [6.5, 3.5, 6.8125, 3.6875], "texture": "#0"},
				"west": {"uv": [6.5, 3.75, 6.8125, 3.9375], "texture": "#0"},
				"up": {"uv": [5.8125, 3.8125, 5.5, 3.5], "texture": "#0"},
				"down": {"uv": [4.0625, 5.5, 3.75, 5.8125], "texture": "#0"}
			}
		},
		{
			"from": [8.481, 1.29, 9.774],
			"to": [9.369, 2.289, 10.662],
			"rotation": {"angle": -22.5, "axis": "x", "origin": [8.925, 1.0125, 10.403]},
			"faces": {
				"north": {"uv": [5.5, 4, 5.8125, 4.3125], "texture": "#0"},
				"east": {"uv": [4.25, 5.5, 4.5625, 5.8125], "texture": "#0"},
				"south": {"uv": [5.5, 4.5, 5.8125, 4.8125], "texture": "#0"},
				"west": {"uv": [4.75, 5.5, 5.0625, 5.8125], "texture": "#0"},
				"up": {"uv": [5.5625, 5.8125, 5.25, 5.5], "texture": "#0"},
				"down": {"uv": [0.3125, 5.75, 0, 6.0625], "texture": "#0"}
			}
		},
		{
			"from": [8.407, 1.60226, 8.85373],
			"to": [9.443, 3.52626, 10.07473],
			"rotation": {"angle": 22.5, "axis": "x", "origin": [8.925, 1.23226, 10.11173]},
			"faces": {
				"north": {"uv": [4.5, 2, 4.875, 2.625], "texture": "#0"},
				"east": {"uv": [3, 1, 3.4375, 1.625], "texture": "#0"},
				"south": {"uv": [4.75, 3.5, 5.125, 4.125], "texture": "#0"},
				"west": {"uv": [4.25, 3.5, 4.6875, 4.125], "texture": "#0"},
				"up": {"uv": [5.375, 2.9375, 5, 2.5], "texture": "#0"},
				"down": {"uv": [3.125, 5, 2.75, 5.4375], "texture": "#0"}
			}
		},
		{
			"from": [6.594, -0.005, 5.149],
			"to": [7.556, 0.55, 6.111],
			"rotation": {"angle": 0, "axis": "y", "origin": [14.66, -0.005, 3.003]},
			"faces": {
				"north": {"uv": [4.75, 6.5, 5.0625, 6.6875], "texture": "#0"},
				"east": {"uv": [6.5, 4.75, 6.8125, 4.9375], "texture": "#0"},
				"south": {"uv": [6.5, 5, 6.8125, 5.1875], "texture": "#0"},
				"west": {"uv": [5.25, 6.5, 5.5625, 6.6875], "texture": "#0"},
				"up": {"uv": [3.5625, 6.3125, 3.25, 6], "texture": "#0"},
				"down": {"uv": [6.3125, 3.5, 6, 3.8125], "texture": "#0"}
			}
		},
		{
			"from": [6.705, 0.55, 5.26],
			"to": [7.445, 1.475, 6],
			"rotation": {"angle": 0, "axis": "y", "origin": [14.66, -0.005, 3.003]},
			"faces": {
				"north": {"uv": [2, 6.25, 2.25, 6.5625], "texture": "#0"},
				"east": {"uv": [3.75, 6.25, 4, 6.5625], "texture": "#0"},
				"south": {"uv": [4, 6.25, 4.25, 6.5625], "texture": "#0"},
				"west": {"uv": [6.25, 4.25, 6.5, 4.5625], "texture": "#0"},
				"up": {"uv": [6.75, 2.25, 6.5, 2], "texture": "#0"},
				"down": {"uv": [2.5, 6.5, 2.25, 6.75], "texture": "#0"}
			}
		},
		{
			"from": [6.631, 1.475, 5.186],
			"to": [7.519, 2.4, 6.074],
			"rotation": {"angle": 0, "axis": "y", "origin": [14.66, -0.005, 3.003]},
			"faces": {
				"north": {"uv": [1, 6, 1.3125, 6.3125], "texture": "#0"},
				"east": {"uv": [6, 2, 6.3125, 2.3125], "texture": "#0"},
				"south": {"uv": [2.25, 6, 2.5625, 6.3125], "texture": "#0"},
				"west": {"uv": [6, 2.5, 6.3125, 2.8125], "texture": "#0"},
				"up": {"uv": [3.0625, 6.3125, 2.75, 6], "texture": "#0"},
				"down": {"uv": [6.3125, 3, 6, 3.3125], "texture": "#0"}
			}
		},
		{
			"from": [6.557, 2.4, 5.112],
			"to": [7.593, 3.695, 6.148],
			"rotation": {"angle": 0, "axis": "y", "origin": [14.66, -0.005, 3.003]},
			"faces": {
				"north": {"uv": [5, 3, 5.375, 3.4375], "texture": "#0"},
				"east": {"uv": [3.25, 5, 3.625, 5.4375], "texture": "#0"},
				"south": {"uv": [3.75, 5, 4.125, 5.4375], "texture": "#0"},
				"west": {"uv": [4.25, 5, 4.625, 5.4375], "texture": "#0"},
				"up": {"uv": [5.625, 1.875, 5.25, 1.5], "texture": "#0"},
				"down": {"uv": [2.125, 5.25, 1.75, 5.625], "texture": "#0"}
			}
		},
		{
			"from": [8.444, -0.005, 5.149],
			"to": [9.406, 0.55, 6.111],
			"rotation": {"angle": 0, "axis": "y", "origin": [1.34, -0.005, 3.003]},
			"faces": {
				"north": {"uv": [6.5, 2.5, 6.8125, 2.6875], "texture": "#0"},
				"east": {"uv": [2.75, 6.5, 3.0625, 6.6875], "texture": "#0"},
				"south": {"uv": [6.5, 2.75, 6.8125, 2.9375], "texture": "#0"},
				"west": {"uv": [6.5, 3, 6.8125, 3.1875], "texture": "#0"},
				"up": {"uv": [5.5625, 5.3125, 5.25, 5], "texture": "#0"},
				"down": {"uv": [1.5625, 5.5, 1.25, 5.8125], "texture": "#0"}
			}
		},
		{
			"from": [8.555, 0.55, 5.26],
			"to": [9.295, 1.475, 6],
			"rotation": {"angle": 0, "axis": "y", "origin": [1.34, -0.005, 3.003]},
			"faces": {
				"north": {"uv": [5.5, 6, 5.75, 6.3125], "texture": "#0"},
				"east": {"uv": [5.75, 6, 6, 6.3125], "texture": "#0"},
				"south": {"uv": [6, 6, 6.25, 6.3125], "texture": "#0"},
				"west": {"uv": [0, 6.25, 0.25, 6.5625], "texture": "#0"},
				"up": {"uv": [2, 5.25, 1.75, 5], "texture": "#0"},
				"down": {"uv": [1.25, 5.75, 1, 6], "texture": "#0"}
			}
		},
		{
			"from": [8.481, 1.475, 5.186],
			"to": [9.369, 2.4, 6.074],
			"rotation": {"angle": 0, "axis": "y", "origin": [1.34, -0.005, 3.003]},
			"faces": {
				"north": {"uv": [5.5, 2, 5.8125, 2.3125], "texture": "#0"},
				"east": {"uv": [2.25, 5.5, 2.5625, 5.8125], "texture": "#0"},
				"south": {"uv": [5.5, 2.5, 5.8125, 2.8125], "texture": "#0"},
				"west": {"uv": [2.75, 5.5, 3.0625, 5.8125], "texture": "#0"},
				"up": {"uv": [5.8125, 3.3125, 5.5, 3], "texture": "#0"},
				"down": {"uv": [3.5625, 5.5, 3.25, 5.8125], "texture": "#0"}
			}
		},
		{
			"from": [8.407, 2.4, 5.112],
			"to": [9.443, 3.695, 6.148],
			"rotation": {"angle": 0, "axis": "y", "origin": [1.34, -0.005, 3.003]},
			"faces": {
				"north": {"uv": [4.75, 1.5, 5.125, 1.9375], "texture": "#0"},
				"east": {"uv": [1.25, 5, 1.625, 5.4375], "texture": "#0"},
				"south": {"uv": [5, 2, 5.375, 2.4375], "texture": "#0"},
				"west": {"uv": [2.25, 5, 2.625, 5.4375], "texture": "#0"},
				"up": {"uv": [5.625, 0.875, 5.25, 0.5], "texture": "#0"},
				"down": {"uv": [5.625, 1, 5.25, 1.375], "texture": "#0"}
			}
		},
		{
			"from": [6.705, 2.955, 4.483],
			"to": [9.295, 5.545, 6.777],
			"rotation": {"angle": 0, "axis": "y", "origin": [2.08, -0.005, 3.003]},
			"faces": {
				"north": {"uv": [1, 0, 1.875, 0.875], "texture": "#0"},
				"east": {"uv": [1.75, 2.75, 2.5, 3.625], "texture": "#0"},
				"south": {"uv": [1, 1, 1.875, 1.875], "texture": "#0"},
				"west": {"uv": [2.75, 1.75, 3.5, 2.625], "texture": "#0"},
				"up": {"uv": [3.375, 3.5, 2.5, 2.75], "texture": "#0"},
				"down": {"uv": [0.875, 3, 0, 3.75], "texture": "#0"}
			}
		},
		{
			"from": [6.631, 2.807, 6.777],
			"to": [9.369, 5.397, 9.071],
			"rotation": {"angle": 0, "axis": "y", "origin": [2.08, -0.005, 3.003]},
			"faces": {
				"north": {"uv": [0, 0, 0.9375, 0.875], "texture": "#0"},
				"east": {"uv": [2, 1.75, 2.75, 2.625], "texture": "#0"},
				"south": {"uv": [0, 1, 0.9375, 1.875], "texture": "#0"},
				"west": {"uv": [1, 2.75, 1.75, 3.625], "texture": "#0"},
				"up": {"uv": [1.9375, 2.75, 1, 2], "texture": "#0"},
				"down": {"uv": [2.9375, 1, 2, 1.75], "texture": "#0"}
			}
		},
		{
			"from": [6.705, 2.955, 9.071],
			"to": [9.295, 5.545, 11.365],
			"rotation": {"angle": 0, "axis": "y", "origin": [2.08, -0.005, 3.003]},
			"faces": {
				"north": {"uv": [0, 2, 0.875, 2.875], "texture": "#0"},
				"east": {"uv": [3, 0, 3.75, 0.875], "texture": "#0"},
				"south": {"uv": [2, 0, 2.875, 0.875], "texture": "#0"},
				"west": {"uv": [3.5, 1, 4.25, 1.875], "texture": "#0"},
				"up": {"uv": [4.375, 2.75, 3.5, 2], "texture": "#0"},
				"down": {"uv": [3.375, 3.5, 2.5, 4.25], "texture": "#0"}
			}
		},
		{
			"from": [7.778, 3.325, 11.328],
			"to": [8.222, 5.175, 11.735],
			"rotation": {"angle": -22.5, "axis": "x", "origin": [8, 4.25, 11.55]},
			"faces": {
				"north": {"uv": [6.25, 4.75, 6.375, 5.375], "texture": "#0"},
				"east": {"uv": [6.25, 5.5, 6.375, 6.125], "texture": "#0"},
				"south": {"uv": [6.25, 6.25, 6.375, 6.875], "texture": "#0"},
				"west": {"uv": [6.5, 0, 6.625, 0.625], "texture": "#0"},
				"up": {"uv": [7.625, 5.375, 7.5, 5.25], "texture": "#0"},
				"down": {"uv": [7.375, 7.5, 7.25, 7.625], "texture": "#0"}
			}
		},
		{
			"from": [7.815, 2.548, 11.698],
			"to": [8.185, 3.473, 12.068],
			"rotation": {"angle": 0, "axis": "y", "origin": [8, 4.25, 11.55]},
			"faces": {
				"north": {"uv": [3.25, 6.75, 3.375, 7.0625], "texture": "#0"},
				"east": {"uv": [3.5, 6.75, 3.625, 7.0625], "texture": "#0"},
				"south": {"uv": [3.75, 6.75, 3.875, 7.0625], "texture": "#0"},
				"west": {"uv": [4, 6.75, 4.125, 7.0625], "texture": "#0"},
				"up": {"uv": [7.625, 7.625, 7.5, 7.5], "texture": "#0"},
				"down": {"uv": [0.125, 7.75, 0, 7.875], "texture": "#0"}
			}
		},
		{
			"from": [7.815, 1.623, 11.698],
			"to": [8.185, 2.548, 12.068],
			"rotation": {"angle": 0, "axis": "y", "origin": [8, 4.25, 11.55]},
			"faces": {
				"north": {"uv": [4.25, 6.75, 4.375, 7.0625], "texture": "#0"},
				"east": {"uv": [4.5, 6.75, 4.625, 7.0625], "texture": "#0"},
				"south": {"uv": [4.75, 6.75, 4.875, 7.0625], "texture": "#0"},
				"west": {"uv": [5, 6.75, 5.125, 7.0625], "texture": "#0"},
				"up": {"uv": [7.875, 0.125, 7.75, 0], "texture": "#0"},
				"down": {"uv": [0.375, 7.75, 0.25, 7.875], "texture": "#0"}
			}
		},
		{
			"from": [7.704, 0.846, 11.587],
			"to": [8.296, 1.623, 12.179],
			"rotation": {"angle": 0, "axis": "y", "origin": [8, 4.25, 11.55]},
			"faces": {
				"north": {"uv": [6.5, 6.25, 6.6875, 6.5], "texture": "#0"},
				"east": {"uv": [6.5, 6.5, 6.6875, 6.75], "texture": "#0"},
				"south": {"uv": [0, 6.75, 0.1875, 7], "texture": "#0"},
				"west": {"uv": [6.75, 0, 6.9375, 0.25], "texture": "#0"},
				"up": {"uv": [7.1875, 1.6875, 7, 1.5], "texture": "#0"},
				"down": {"uv": [7.1875, 1.75, 7, 1.9375], "texture": "#0"}
			}
		},
		{
			"from": [7.815, 0.772, 11.698],
			"to": [8.185, 0.846, 12.068],
			"rotation": {"angle": 0, "axis": "y", "origin": [8, 4.25, 11.55]},
			"faces": {
				"north": {"uv": [7.75, 2.5, 7.875, 2.5625], "texture": "#0"},
				"east": {"uv": [2.75, 7.75, 2.875, 7.8125], "texture": "#0"},
				"south": {"uv": [7.75, 2.75, 7.875, 2.8125], "texture": "#0"},
				"west": {"uv": [7.75, 3, 7.875, 3.0625], "texture": "#0"},
				"up": {"uv": [7.875, 0.375, 7.75, 0.25], "texture": "#0"},
				"down": {"uv": [0.625, 7.75, 0.5, 7.875], "texture": "#0"}
			}
		},
		{
			"from": [7.667, 0.92, 11.661],
			"to": [7.704, 1.549, 12.105],
			"rotation": {"angle": 0, "axis": "y", "origin": [8, 4.25, 11.55]},
			"faces": {
				"north": {"uv": [7.75, 1, 7.8125, 1.1875], "texture": "#0"},
				"east": {"uv": [7.5, 2.5, 7.625, 2.6875], "texture": "#0"},
				"south": {"uv": [1.25, 7.75, 1.3125, 7.9375], "texture": "#0"},
				"west": {"uv": [7.5, 3.75, 7.625, 3.9375], "texture": "#0"},
				"up": {"uv": [7.8125, 3.375, 7.75, 3.25], "texture": "#0"},
				"down": {"uv": [3.5625, 7.75, 3.5, 7.875], "texture": "#0"}
			}
		},
		{
			"from": [8.296, 0.92, 11.661],
			"to": [8.333, 1.549, 12.105],
			"rotation": {"angle": 0, "axis": "y", "origin": [8, 4.25, 11.55]},
			"faces": {
				"north": {"uv": [7.75, 1.25, 7.8125, 1.4375], "texture": "#0"},
				"east": {"uv": [4, 7.5, 4.125, 7.6875], "texture": "#0"},
				"south": {"uv": [1.5, 7.75, 1.5625, 7.9375], "texture": "#0"},
				"west": {"uv": [7.5, 4, 7.625, 4.1875], "texture": "#0"},
				"up": {"uv": [7.8125, 3.625, 7.75, 3.5], "texture": "#0"},
				"down": {"uv": [7.8125, 3.75, 7.75, 3.875], "texture": "#0"}
			}
		},
		{
			"from": [7.778, 0.92, 12.179],
			"to": [8.222, 1.549, 12.216],
			"rotation": {"angle": 0, "axis": "y", "origin": [8, 4.25, 11.55]},
			"faces": {
				"north": {"uv": [4.5, 7.5, 4.625, 7.6875], "texture": "#0"},
				"east": {"uv": [7.75, 1.5, 7.8125, 1.6875], "texture": "#0"},
				"south": {"uv": [4.75, 7.5, 4.875, 7.6875], "texture": "#0"},
				"west": {"uv": [1.75, 7.75, 1.8125, 7.9375], "texture": "#0"},
				"up": {"uv": [4.125, 7.8125, 4, 7.75], "texture": "#0"},
				"down": {"uv": [7.875, 4, 7.75, 4.0625], "texture": "#0"}
			}
		},
		{
			"from": [7.778, 0.92, 11.55],
			"to": [8.222, 1.549, 11.587],
			"rotation": {"angle": 0, "axis": "y", "origin": [8, 4.25, 11.365]},
			"faces": {
				"north": {"uv": [7.5, 5, 7.625, 5.1875], "texture": "#0"},
				"east": {"uv": [7.75, 1.75, 7.8125, 1.9375], "texture": "#0"},
				"south": {"uv": [5.25, 7.5, 5.375, 7.6875], "texture": "#0"},
				"west": {"uv": [2, 7.75, 2.0625, 7.9375], "texture": "#0"},
				"up": {"uv": [4.375, 7.8125, 4.25, 7.75], "texture": "#0"},
				"down": {"uv": [7.875, 4.25, 7.75, 4.3125], "texture": "#0"}
			}
		},
		{
			"from": [7.926, 0.735, 11.809],
			"to": [8.074, 0.772, 11.957],
			"rotation": {"angle": 0, "axis": "y", "origin": [8, 4.25, 11.55]},
			"faces": {
				"north": {"uv": [4.5, 7.75, 4.5625, 7.8125], "texture": "#0"},
				"east": {"uv": [7.75, 4.5, 7.8125, 4.5625], "texture": "#0"},
				"south": {"uv": [4.75, 7.75, 4.8125, 7.8125], "texture": "#0"},
				"west": {"uv": [7.75, 4.75, 7.8125, 4.8125], "texture": "#0"},
				"up": {"uv": [5.0625, 7.8125, 5, 7.75], "texture": "#0"},
				"down": {"uv": [7.8125, 5, 7.75, 5.0625], "texture": "#0"}
			}
		},
		{
			"from": [7.64898, 2.49468, 0.26044],
			"to": [8.49462, 5.07858, 1.0591],
			"rotation": {"angle": -22.5, "axis": "x", "origin": [8.0718, 5.7363, 1.57588]},
			"faces": {
				"north": {"uv": [5, 0.75, 5.25, 1.4375], "texture": "#0"},
				"east": {"uv": [5.25, 3.5, 5.4375, 4.1875], "texture": "#0"},
				"south": {"uv": [1, 5, 1.25, 5.6875], "texture": "#0"},
				"west": {"uv": [5.25, 4.25, 5.4375, 4.9375], "texture": "#0"},
				"up": {"uv": [0.5, 6.9375, 0.25, 6.75], "texture": "#0"},
				"down": {"uv": [7, 0.25, 6.75, 0.4375], "texture": "#0"}
			}
		},
		{
			"from": [7.69596, 0.60123, 2.01588],
			"to": [8.44764, 2.24553, 2.2038],
			"rotation": {"angle": 22.5, "axis": "x", "origin": [8.0718, 3.58446, 1.47561]},
			"faces": {
				"north": {"uv": [5, 6, 5.1875, 6.4375], "texture": "#0"},
				"east": {"uv": [7.5, 1.5, 7.5625, 1.9375], "texture": "#0"},
				"south": {"uv": [5.25, 6, 5.4375, 6.4375], "texture": "#0"},
				"west": {"uv": [7.5, 2, 7.5625, 2.4375], "texture": "#0"},
				"up": {"uv": [7.9375, 2.3125, 7.75, 2.25], "texture": "#0"},
				"down": {"uv": [2.6875, 7.75, 2.5, 7.8125], "texture": "#0"}
			}
		},
		{
			"from": [7.69596, 2.24553, 2.01588],
			"to": [8.44764, 2.95023, 2.6736],
			"rotation": {"angle": 22.5, "axis": "x", "origin": [8.0718, 3.58446, 1.47561]},
			"faces": {
				"north": {"uv": [2.25, 7, 2.4375, 7.1875], "texture": "#0"},
				"east": {"uv": [7, 2.25, 7.1875, 2.4375], "texture": "#0"},
				"south": {"uv": [7, 2.5, 7.1875, 2.6875], "texture": "#0"},
				"west": {"uv": [7, 2.75, 7.1875, 2.9375], "texture": "#0"},
				"up": {"uv": [3.1875, 7.1875, 3, 7], "texture": "#0"},
				"down": {"uv": [7.1875, 3, 7, 3.1875], "texture": "#0"}
			}
		},
		{
			"from": [8.25972, 0.60123, 2.2038],
			"to": [8.44764, 2.24553, 2.48568],
			"rotation": {"angle": 22.5, "axis": "x", "origin": [8.0718, 3.58446, 1.47561]},
			"faces": {
				"north": {"uv": [7.25, 7, 7.3125, 7.4375], "texture": "#0"},
				"east": {"uv": [7.5, 0, 7.5625, 0.4375], "texture": "#0"},
				"south": {"uv": [7.5, 0.5, 7.5625, 0.9375], "texture": "#0"},
				"west": {"uv": [7.5, 1, 7.5625, 1.4375], "texture": "#0"},
				"up": {"uv": [2.5625, 8.0625, 2.5, 8], "texture": "#0"},
				"down": {"uv": [8.0625, 2.5, 8, 2.5625], "texture": "#0"}
			}
		},
		{
			"from": [7.69596, 0.60123, 2.2038],
			"to": [7.88388, 2.24553, 2.48568],
			"rotation": {"angle": 22.5, "axis": "x", "origin": [8.0718, 3.58446, 1.47561]},
			"faces": {
				"north": {"uv": [3, 7.5, 3.0625, 7.9375], "texture": "#0"},
				"east": {"uv": [7.5, 3, 7.5625, 3.4375], "texture": "#0"},
				"south": {"uv": [3.25, 7.5, 3.3125, 7.9375], "texture": "#0"},
				"west": {"uv": [3.75, 7.5, 3.8125, 7.9375], "texture": "#0"},
				"up": {"uv": [2.8125, 8.0625, 2.75, 8], "texture": "#0"},
				"down": {"uv": [8.0625, 2.75, 8, 2.8125], "texture": "#0"}
			}
		},
		{
			"from": [7.69596, 0.60123, 2.48568],
			"to": [8.44764, 2.24553, 2.6736],
			"rotation": {"angle": 22.5, "axis": "x", "origin": [8.0718, 3.58446, 1.47561]},
			"faces": {
				"north": {"uv": [4.5, 6, 4.6875, 6.4375], "texture": "#0"},
				"east": {"uv": [7.25, 6.5, 7.3125, 6.9375], "texture": "#0"},
				"south": {"uv": [4.75, 6, 4.9375, 6.4375], "texture": "#0"},
				"west": {"uv": [7, 7.25, 7.0625, 7.6875], "texture": "#0"},
				"up": {"uv": [7.9375, 2.0625, 7.75, 2], "texture": "#0"},
				"down": {"uv": [2.4375, 7.75, 2.25, 7.8125], "texture": "#0"}
			}
		},
		{
			"from": [7.602, 4.8217, 1.5783],
			"to": [8.5416, 7.6405, 2.5179],
			"rotation": {"angle": 22.5, "axis": "x", "origin": [8.0718, 7.1707, 0.56823]},
			"faces": {
				"north": {"uv": [2, 4.5, 2.25, 5.25], "texture": "#0"},
				"east": {"uv": [5, 0, 5.25, 0.75], "texture": "#0"},
				"south": {"uv": [0.5, 5, 0.75, 5.75], "texture": "#0"},
				"west": {"uv": [0.75, 5, 1, 5.75], "texture": "#0"},
				"up": {"uv": [6.75, 2.5, 6.5, 2.25], "texture": "#0"},
				"down": {"uv": [2.75, 6.5, 2.5, 6.75], "texture": "#0"}
			}
		},
		{
			"from": [6.522, 2.59521, 0.63389],
			"to": [6.812, 2.94321, 0.86589],
			"rotation": {"angle": -45, "axis": "x", "origin": [8.03, 3.26921, -1.05711]},
			"faces": {
				"north": {"uv": [5.25, 7.75, 5.3125, 7.8125], "texture": "#0"},
				"east": {"uv": [7.75, 5.25, 7.8125, 5.3125], "texture": "#0"},
				"south": {"uv": [7.75, 5.5, 7.8125, 5.5625], "texture": "#0"},
				"west": {"uv": [7.75, 5.75, 7.8125, 5.8125], "texture": "#0"},
				"up": {"uv": [7.8125, 6.0625, 7.75, 6], "texture": "#0"},
				"down": {"uv": [6.3125, 7.75, 6.25, 7.8125], "texture": "#0"}
			}
		},
		{
			"from": [6.406, 2.47921, 0.86589],
			"to": [6.928, 3.05921, 2.10589],
			"rotation": {"angle": -45, "axis": "x", "origin": [8.03, 3.26921, -1.05711]},
			"faces": {
				"north": {"uv": [7.75, 0.5, 7.875, 0.625], "texture": "#0"},
				"east": {"uv": [0.75, 6.75, 1.125, 6.875], "texture": "#0"},
				"south": {"uv": [0.75, 7.75, 0.875, 7.875], "texture": "#0"},
				"west": {"uv": [1.25, 6.75, 1.625, 6.875], "texture": "#0"},
				"up": {"uv": [6.875, 1.875, 6.75, 1.5], "texture": "#0"},
				"down": {"uv": [1.875, 6.75, 1.75, 7.125], "texture": "#0"}
			}
		},
		{
			"from": [6.174, 5.11902, 1.33607],
			"to": [7.16, 6.16302, 2.72807],
			"rotation": {"angle": -45, "axis": "x", "origin": [6.667, 5.64102, 2.03207]},
			"faces": {
				"north": {"uv": [0.5, 6.75, 0.6875, 7], "texture": "#0"},
				"east": {"uv": [6.5, 0.75, 6.8125, 1], "texture": "#0"},
				"south": {"uv": [6.75, 0.5, 6.9375, 0.75], "texture": "#0"},
				"west": {"uv": [1, 6.5, 1.3125, 6.75], "texture": "#0"},
				"up": {"uv": [6.6875, 5.5625, 6.5, 5.25], "texture": "#0"},
				"down": {"uv": [5.9375, 6.5, 5.75, 6.8125], "texture": "#0"}
			}
		},
		{
			"from": [8.9, 5.11902, 1.33607],
			"to": [9.886, 6.16302, 2.72807],
			"rotation": {"angle": -45, "axis": "x", "origin": [9.393, 5.64102, 2.03207]},
			"faces": {
				"north": {"uv": [6.75, 2.25, 6.9375, 2.5], "texture": "#0"},
				"east": {"uv": [6.5, 1, 6.8125, 1.25], "texture": "#0"},
				"south": {"uv": [3, 6.75, 3.1875, 7], "texture": "#0"},
				"west": {"uv": [6.5, 1.25, 6.8125, 1.5], "texture": "#0"},
				"up": {"uv": [6.6875, 6.0625, 6.5, 5.75], "texture": "#0"},
				"down": {"uv": [6.1875, 6.5, 6, 6.8125], "texture": "#0"}
			}
		},
		{
			"from": [9.132, 2.47921, 0.86589],
			"to": [9.654, 3.05921, 2.10589],
			"rotation": {"angle": -45, "axis": "x", "origin": [8.03, 3.26921, -1.05711]},
			"faces": {
				"north": {"uv": [7.75, 0.75, 7.875, 0.875], "texture": "#0"},
				"east": {"uv": [2, 6.75, 2.375, 6.875], "texture": "#0"},
				"south": {"uv": [1, 7.75, 1.125, 7.875], "texture": "#0"},
				"west": {"uv": [6.75, 2, 7.125, 2.125], "texture": "#0"},
				"up": {"uv": [2.625, 7.125, 2.5, 6.75], "texture": "#0"},
				"down": {"uv": [2.875, 6.75, 2.75, 7.125], "texture": "#0"}
			}
		},
		{
			"from": [9.248, 2.59521, 0.63389],
			"to": [9.538, 2.94321, 0.86589],
			"rotation": {"angle": -45, "axis": "x", "origin": [8.03, 3.26921, -1.05711]},
			"faces": {
				"north": {"uv": [7.75, 6.25, 7.8125, 6.3125], "texture": "#0"},
				"east": {"uv": [7.75, 6.5, 7.8125, 6.5625], "texture": "#0"},
				"south": {"uv": [7.75, 6.75, 7.8125, 6.8125], "texture": "#0"},
				"west": {"uv": [7, 7.75, 7.0625, 7.8125], "texture": "#0"},
				"up": {"uv": [7.8125, 7.0625, 7.75, 7], "texture": "#0"},
				"down": {"uv": [7.3125, 7.75, 7.25, 7.8125], "texture": "#0"}
			}
		},
		{
			"from": [6.638, 6.274, 3.924],
			"to": [6.928, 9.174, 6.766],
			"rotation": {"angle": -22.5, "axis": "y", "origin": [6.435, 6.97, 3.605]},
			"faces": {
				"north": {"uv": [5.25, 6.75, 5.3125, 7.375], "texture": "#0"},
				"east": {"uv": [4.25, 0.75, 4.875, 1.375], "texture": "#0"},
				"south": {"uv": [6.75, 5.25, 6.8125, 5.875], "texture": "#0"},
				"west": {"uv": [2.25, 4.25, 2.875, 4.875], "texture": "#0"},
				"up": {"uv": [5.5625, 7.375, 5.5, 6.75], "texture": "#0"},
				"down": {"uv": [6.8125, 6, 6.75, 6.625], "texture": "#0"}
			}
		},
		{
			"from": [6.638, 6.1, 3.75],
			"to": [6.928, 9, 3.924],
			"rotation": {"angle": -22.5, "axis": "y", "origin": [6.435, 6.97, 3.605]},
			"faces": {
				"north": {"uv": [6.5, 6.75, 6.5625, 7.375], "texture": "#0"},
				"east": {"uv": [6.75, 6.75, 6.8125, 7.375], "texture": "#0"},
				"south": {"uv": [0, 7, 0.0625, 7.625], "texture": "#0"},
				"west": {"uv": [7, 0, 7.0625, 0.625], "texture": "#0"},
				"up": {"uv": [0.5625, 8.0625, 0.5, 8], "texture": "#0"},
				"down": {"uv": [8.0625, 0.5, 8, 0.5625], "texture": "#0"}
			}
		},
		{
			"from": [6.638, 9.174, 3.924],
			"to": [6.928, 9.348, 6.07],
			"rotation": {"angle": -22.5, "axis": "y", "origin": [6.435, 6.97, 3.605]},
			"faces": {
				"north": {"uv": [0.75, 8, 0.8125, 8.0625], "texture": "#0"},
				"east": {"uv": [7.25, 3.5, 7.6875, 3.5625], "texture": "#0"},
				"south": {"uv": [8, 0.75, 8.0625, 0.8125], "texture": "#0"},
				"west": {"uv": [3.75, 7.25, 4.1875, 7.3125], "texture": "#0"},
				"up": {"uv": [7.3125, 4.1875, 7.25, 3.75], "texture": "#0"},
				"down": {"uv": [4.3125, 7.25, 4.25, 7.6875], "texture": "#0"}
			}
		},
		{
			"from": [6.638, 6.564, 6.766],
			"to": [6.928, 8.884, 7.056],
			"rotation": {"angle": -22.5, "axis": "y", "origin": [6.435, 6.97, 3.605]},
			"faces": {
				"north": {"uv": [7.25, 0.75, 7.3125, 1.25], "texture": "#0"},
				"east": {"uv": [7.25, 1.25, 7.3125, 1.75], "texture": "#0"},
				"south": {"uv": [1.75, 7.25, 1.8125, 7.75], "texture": "#0"},
				"west": {"uv": [7.25, 1.75, 7.3125, 2.25], "texture": "#0"},
				"up": {"uv": [7.8125, 7.3125, 7.75, 7.25], "texture": "#0"},
				"down": {"uv": [7.5625, 7.75, 7.5, 7.8125], "texture": "#0"}
			}
		},
		{
			"from": [6.638, 6.97, 7.056],
			"to": [6.928, 8.478, 7.23],
			"rotation": {"angle": -22.5, "axis": "y", "origin": [6.435, 6.97, 3.605]},
			"faces": {
				"north": {"uv": [5.5, 7.5, 5.5625, 7.8125], "texture": "#0"},
				"east": {"uv": [5.75, 7.5, 5.8125, 7.8125], "texture": "#0"},
				"south": {"uv": [7.5, 5.75, 7.5625, 6.0625], "texture": "#0"},
				"west": {"uv": [6, 7.5, 6.0625, 7.8125], "texture": "#0"},
				"up": {"uv": [7.8125, 7.5625, 7.75, 7.5], "texture": "#0"},
				"down": {"uv": [7.8125, 7.75, 7.75, 7.8125], "texture": "#0"}
			}
		},
		{
			"from": [6.638, 5.984, 3.924],
			"to": [6.928, 6.274, 6.476],
			"rotation": {"angle": -22.5, "axis": "y", "origin": [6.435, 6.97, 3.605]},
			"faces": {
				"north": {"uv": [0, 8, 0.0625, 8.0625], "texture": "#0"},
				"east": {"uv": [7, 4.25, 7.5625, 4.3125], "texture": "#0"},
				"south": {"uv": [8, 0, 8.0625, 0.0625], "texture": "#0"},
				"west": {"uv": [7, 4.5, 7.5625, 4.5625], "texture": "#0"},
				"up": {"uv": [7.0625, 5.3125, 7, 4.75], "texture": "#0"},
				"down": {"uv": [7.0625, 5.5, 7, 6.0625], "texture": "#0"}
			}
		},
		{
			"from": [6.638, 5.81, 3.924],
			"to": [6.928, 5.984, 5.896],
			"rotation": {"angle": -22.5, "axis": "y", "origin": [6.435, 6.97, 3.605]},
			"faces": {
				"north": {"uv": [0.25, 8, 0.3125, 8.0625], "texture": "#0"},
				"east": {"uv": [7.25, 2.75, 7.6875, 2.8125], "texture": "#0"},
				"south": {"uv": [8, 0.25, 8.0625, 0.3125], "texture": "#0"},
				"west": {"uv": [3, 7.25, 3.4375, 7.3125], "texture": "#0"},
				"up": {"uv": [7.3125, 3.4375, 7.25, 3], "texture": "#0"},
				"down": {"uv": [3.5625, 7.25, 3.5, 7.6875], "texture": "#0"}
			}
		},
		{
			"from": [9.132, 6.274, 3.924],
			"to": [9.422, 9.174, 6.766],
			"rotation": {"angle": 22.5, "axis": "y", "origin": [9.625, 6.97, 3.605]},
			"faces": {
				"north": {"uv": [0.25, 7, 0.3125, 7.625], "texture": "#0"},
				"east": {"uv": [4.25, 2.75, 4.875, 3.375], "texture": "#0"},
				"south": {"uv": [0.5, 7, 0.5625, 7.625], "texture": "#0"},
				"west": {"uv": [3, 4.25, 3.625, 4.875], "texture": "#0"},
				"up": {"uv": [0.8125, 7.625, 0.75, 7], "texture": "#0"},
				"down": {"uv": [7.0625, 0.75, 7, 1.375], "texture": "#0"}
			}
		},
		{
			"from": [9.132, 9.174, 3.924],
			"to": [9.422, 9.348, 6.07],
			"rotation": {"angle": 22.5, "axis": "y", "origin": [9.625, 6.97, 3.605]},
			"faces": {
				"north": {"uv": [2, 8, 2.0625, 8.0625], "texture": "#0"},
				"east": {"uv": [7.25, 5.5, 7.6875, 5.5625], "texture": "#0"},
				"south": {"uv": [8, 2, 8.0625, 2.0625], "texture": "#0"},
				"west": {"uv": [5.75, 7.25, 6.1875, 7.3125], "texture": "#0"},
				"up": {"uv": [7.3125, 6.1875, 7.25, 5.75], "texture": "#0"},
				"down": {"uv": [6.3125, 7.25, 6.25, 7.6875], "texture": "#0"}
			}
		},
		{
			"from": [9.132, 6.1, 3.75],
			"to": [9.422, 9, 3.924],
			"rotation": {"angle": 22.5, "axis": "y", "origin": [9.625, 6.97, 3.605]},
			"faces": {
				"north": {"uv": [1, 7, 1.0625, 7.625], "texture": "#0"},
				"east": {"uv": [1.25, 7, 1.3125, 7.625], "texture": "#0"},
				"south": {"uv": [1.5, 7, 1.5625, 7.625], "texture": "#0"},
				"west": {"uv": [2, 7, 2.0625, 7.625], "texture": "#0"},
				"up": {"uv": [2.3125, 8.0625, 2.25, 8], "texture": "#0"},
				"down": {"uv": [8.0625, 2.25, 8, 2.3125], "texture": "#0"}
			}
		},
		{
			"from": [9.132, 6.564, 6.766],
			"to": [9.422, 8.884, 7.056],
			"rotation": {"angle": 22.5, "axis": "y", "origin": [9.625, 6.97, 3.605]},
			"faces": {
				"north": {"uv": [2.25, 7.25, 2.3125, 7.75], "texture": "#0"},
				"east": {"uv": [7.25, 2.25, 7.3125, 2.75], "texture": "#0"},
				"south": {"uv": [2.5, 7.25, 2.5625, 7.75], "texture": "#0"},
				"west": {"uv": [2.75, 7.25, 2.8125, 7.75], "texture": "#0"},
				"up": {"uv": [1.3125, 8.0625, 1.25, 8], "texture": "#0"},
				"down": {"uv": [8.0625, 1.25, 8, 1.3125], "texture": "#0"}
			}
		},
		{
			"from": [9.132, 6.97, 7.056],
			"to": [9.422, 8.478, 7.23],
			"rotation": {"angle": 22.5, "axis": "y", "origin": [9.625, 6.97, 3.605]},
			"faces": {
				"north": {"uv": [6.5, 7.5, 6.5625, 7.8125], "texture": "#0"},
				"east": {"uv": [7.5, 6.5, 7.5625, 6.8125], "texture": "#0"},
				"south": {"uv": [6.75, 7.5, 6.8125, 7.8125], "texture": "#0"},
				"west": {"uv": [7.5, 7, 7.5625, 7.3125], "texture": "#0"},
				"up": {"uv": [1.0625, 8.0625, 1, 8], "texture": "#0"},
				"down": {"uv": [8.0625, 1, 8, 1.0625], "texture": "#0"}
			}
		},
		{
			"from": [9.132, 5.984, 3.924],
			"to": [9.422, 6.274, 6.476],
			"rotation": {"angle": 22.5, "axis": "y", "origin": [9.625, 6.97, 3.605]},
			"faces": {
				"north": {"uv": [1.75, 8, 1.8125, 8.0625], "texture": "#0"},
				"east": {"uv": [5.75, 7, 6.3125, 7.0625], "texture": "#0"},
				"south": {"uv": [8, 1.75, 8.0625, 1.8125], "texture": "#0"},
				"west": {"uv": [7, 6.25, 7.5625, 6.3125], "texture": "#0"},
				"up": {"uv": [7.0625, 7.0625, 7, 6.5], "texture": "#0"},
				"down": {"uv": [7.3125, 0, 7.25, 0.5625], "texture": "#0"}
			}
		},
		{
			"from": [9.132, 5.81, 3.924],
			"to": [9.422, 5.984, 5.896],
			"rotation": {"angle": 22.5, "axis": "y", "origin": [9.625, 6.97, 3.605]},
			"faces": {
				"north": {"uv": [1.5, 8, 1.5625, 8.0625], "texture": "#0"},
				"east": {"uv": [4.5, 7.25, 4.9375, 7.3125], "texture": "#0"},
				"south": {"uv": [8, 1.5, 8.0625, 1.5625], "texture": "#0"},
				"west": {"uv": [7.25, 4.75, 7.6875, 4.8125], "texture": "#0"},
				"up": {"uv": [5.0625, 7.6875, 5, 7.25], "texture": "#0"},
				"down": {"uv": [7.3125, 5, 7.25, 5.4375], "texture": "#0"}
			}
		}
	],
	"display": {
		"thirdperson_righthand": {
			"rotation": [90, 0, 0],
			"translation": [-6, -2, 12],
			"scale": [3, 3, 3]
		}
	},
	"groups": [
		0,
		1,
		{
			"name": "LBL",
			"origin": [6.75, 1.375, 10],
			"color": 0,
			"children": [2, 3, 4, 5]
		},
		{
			"name": "RBL",
			"origin": [9.25, 1.67198, 9.60639],
			"color": 0,
			"children": [6, 7, 8, 9]
		},
		{
			"name": "LFL",
			"origin": [17, 0, 0],
			"color": 0,
			"children": [10, 11, 12, 13]
		},
		{
			"name": "RFL",
			"origin": [-1, 0, 0],
			"color": 0,
			"children": [14, 15, 16, 17]
		},
		{
			"name": "Body",
			"origin": [0, 0, 0],
			"color": 0,
			"children": [18, 19, 20]
		},
		{
			"name": "Tail",
			"origin": [8, 5.75, 11.55],
			"color": 0,
			"children": [21, 22, 23, 24, 25, 26, 27, 28, 29, 30]
		},
		{
			"name": "Trunk",
			"origin": [8, 8.5, -1.575],
			"color": 0,
			"children": [31, 32, 33, 34, 35, 36, 37]
		},
		{
			"name": "LTusk",
			"origin": [6.825, 7.35433, 0.01903],
			"color": 0,
			"children": [38, 39, 40]
		},
		{
			"name": "RTusk",
			"origin": [9.175, 5.17601, -2.1828],
			"color": 0,
			"children": [41, 42, 43]
		},
		{
			"name": "LEar",
			"origin": [6.625, 8.5, 0.875],
			"color": 0,
			"children": [44, 45, 46, 47, 48, 49, 50]
		},
		{
			"name": "REar",
			"origin": [9.375, 8.5, 0.875],
			"color": 0,
			"children": [51, 52, 53, 54, 55, 56, 57]
		}
	]
}