{
	"credit": "Made with Blockbench",
	"texture_size": [64, 64],
	"textures": {
		"0": "entity/lephantidle",
		"particle": "entity/lephantidle"
	},
	"elements": [
		{
			"name": "Head",
			"from": [6.75, 7, -0.35],
			"to": [9.25, 10, 2.1],
			"rotation": {"angle": 0, "axis": "y", "origin": [0, 0, -0.25]},
			"faces": {
				"north": {"uv": [3.5, 2.75, 4.125, 3.5], "texture": "#0"},
				"east": {"uv": [3.5, 3.5, 4.125, 4.25], "texture": "#0"},
				"south": {"uv": [0, 3.75, 0.625, 4.5], "texture": "#0"},
				"west": {"uv": [3.75, 0, 4.375, 0.75], "texture": "#0"},
				"up": {"uv": [1.375, 4.375, 0.75, 3.75], "texture": "#0"},
				"down": {"uv": [2.125, 3.75, 1.5, 4.375], "texture": "#0"}
			}
		},
		{
			"name": "Neck",
			"from": [7, 7, -0.35],
			"to": [9, 9, 1.75],
			"rotation": {"angle": 45, "axis": "x", "origin": [8, 6, 0.325]},
			"faces": {
				"north": {"uv": [4.25, 1.5, 4.75, 2], "texture": "#0"},
				"east": {"uv": [0, 4.5, 0.5, 5], "texture": "#0"},
				"south": {"uv": [4.5, 0, 5, 0.5], "texture": "#0"},
				"west": {"uv": [0.5, 4.5, 1, 5], "texture": "#0"},
				"up": {"uv": [1.5, 5, 1, 4.5], "texture": "#0"},
				"down": {"uv": [2, 4.5, 1.5, 5], "texture": "#0"}
			}
		},
		{
			"from": [6.05, 2.17198, 7.90639],
			"to": [7.45, 4.77198, 9.55639],
			"rotation": {"angle": 22.5, "axis": "x", "origin": [6.75, 1.67198, 9.60639]},
			"faces": {
				"north": {"uv": [4.75, 4.25, 5.125, 4.875], "texture": "#0"},
				"east": {"uv": [3.75, 4.25, 4.1875, 4.875], "texture": "#0"},
				"south": {"uv": [0, 5, 0.375, 5.625], "texture": "#0"},
				"west": {"uv": [4.25, 4.25, 4.6875, 4.875], "texture": "#0"},
				"up": {"uv": [5.125, 5.4375, 4.75, 5], "texture": "#0"},
				"down": {"uv": [5.625, 0, 5.25, 0.4375], "texture": "#0"}
			}
		},
		{
			"from": [6.15, 1.75, 9.15],
			"to": [7.35, 3.1, 10.35],
			"rotation": {"angle": -22.5, "axis": "x", "origin": [6.75, 1.375, 10]},
			"faces": {
				"north": {"uv": [5.75, 0, 6.0625, 0.3125], "texture": "#0"},
				"east": {"uv": [0.5, 5.75, 0.8125, 6.0625], "texture": "#0"},
				"south": {"uv": [5.75, 0.5, 6.0625, 0.8125], "texture": "#0"},
				"west": {"uv": [5.75, 1, 6.0625, 1.3125], "texture": "#0"},
				"up": {"uv": [6.0625, 1.8125, 5.75, 1.5], "texture": "#0"},
				"down": {"uv": [2.0625, 5.75, 1.75, 6.0625], "texture": "#0"}
			}
		},
		{
			"from": [6.1, 0, 9.35],
			"to": [7.4, 0.75, 10.65],
			"rotation": {"angle": 0, "axis": "y", "origin": [16.75, 0, 0]},
			"faces": {
				"north": {"uv": [6.5, 4, 6.8125, 4.1875], "texture": "#0"},
				"east": {"uv": [4.25, 6.5, 4.5625, 6.6875], "texture": "#0"},
				"south": {"uv": [6.5, 4.25, 6.8125, 4.4375], "texture": "#0"},
				"west": {"uv": [6.5, 4.5, 6.8125, 4.6875], "texture": "#0"},
				"up": {"uv": [6.0625, 5.3125, 5.75, 5], "texture": "#0"},
				"down": {"uv": [6.0625, 5.5, 5.75, 5.8125], "texture": "#0"}
			}
		},
		{
			"from": [6.25, 0.5, 9.25],
			"to": [7.25, 1.75, 10.25],
			"rotation": {"angle": -22.5, "axis": "x", "origin": [6.75, 1.375, 10]},
			"faces": {
				"north": {"uv": [0.75, 6.25, 1, 6.5625], "texture": "#0"},
				"east": {"uv": [6.25, 1, 6.5, 1.3125], "texture": "#0"},
				"south": {"uv": [6.25, 1.5, 6.5, 1.8125], "texture": "#0"},
				"west": {"uv": [1.75, 6.25, 2, 6.5625], "texture": "#0"},
				"up": {"uv": [6.75, 1.75, 6.5, 1.5], "texture": "#0"},
				"down": {"uv": [6.75, 1.75, 6.5, 2], "texture": "#0"}
			}
		},
		{
			"from": [8.75, 0.5, 9.25],
			"to": [9.75, 1.75, 10.25],
			"rotation": {"angle": -22.5, "axis": "x", "origin": [9.25, 1.375, 10]},
			"faces": {
				"north": {"uv": [6.25, 0, 6.5, 0.3125], "texture": "#0"},
				"east": {"uv": [0.25, 6.25, 0.5, 6.5625], "texture": "#0"},
				"south": {"uv": [0.5, 6.25, 0.75, 6.5625], "texture": "#0"},
				"west": {"uv": [6.25, 0.5, 6.5, 0.8125], "texture": "#0"},
				"up": {"uv": [6.25, 5, 6, 4.75], "texture": "#0"},
				"down": {"uv": [1.75, 6.5, 1.5, 6.75], "texture": "#0"}
			}
		},
		{
			"from": [8.6, 0, 9.35],
			"to": [9.9, 0.75, 10.65],
			"rotation": {"angle": 0, "axis": "y", "origin": [-0.75, 0, 0]},
			"faces": {
				"north": {"uv": [3.25, 6.5, 3.5625, 6.6875], "texture": "#0"},
				"east": {"uv": [6.5, 3.25, 6.8125, 3.4375], "texture": "#0"},
				"south": {"uv": [6.5, 3.5, 6.8125, 3.6875], "texture": "#0"},
				"west": {"uv": [6.5, 3.75, 6.8125, 3.9375], "texture": "#0"},
				"up": {"uv": [5.8125, 3.8125, 5.5, 3.5], "texture": "#0"},
				"down": {"uv": [4.0625, 5.5, 3.75, 5.8125], "texture": "#0"}
			}
		},
		{
			"from": [8.65, 1.75, 9.15],
			"to": [9.85, 3.1, 10.35],
			"rotation": {"angle": -22.5, "axis": "x", "origin": [9.25, 1.375, 10]},
			"faces": {
				"north": {"uv": [5.5, 4, 5.8125, 4.3125], "texture": "#0"},
				"east": {"uv": [4.25, 5.5, 4.5625, 5.8125], "texture": "#0"},
				"south": {"uv": [5.5, 4.5, 5.8125, 4.8125], "texture": "#0"},
				"west": {"uv": [4.75, 5.5, 5.0625, 5.8125], "texture": "#0"},
				"up": {"uv": [5.5625, 5.8125, 5.25, 5.5], "texture": "#0"},
				"down": {"uv": [0.3125, 5.75, 0, 6.0625], "texture": "#0"}
			}
		},
		{
			"from": [8.55, 2.17198, 7.90639],
			"to": [9.95, 4.77198, 9.55639],
			"rotation": {"angle": 22.5, "axis": "x", "origin": [9.25, 1.67198, 9.60639]},
			"faces": {
				"north": {"uv": [4.5, 2, 4.875, 2.625], "texture": "#0"},
				"east": {"uv": [3, 1, 3.4375, 1.625], "texture": "#0"},
				"south": {"uv": [4.75, 3.5, 5.125, 4.125], "texture": "#0"},
				"west": {"uv": [4.25, 3.5, 4.6875, 4.125], "texture": "#0"},
				"up": {"uv": [5.375, 2.9375, 5, 2.5], "texture": "#0"},
				"down": {"uv": [3.125, 5, 2.75, 5.4375], "texture": "#0"}
			}
		},
		{
			"from": [6.1, 0, 2.9],
			"to": [7.4, 0.75, 4.2],
			"rotation": {"angle": 0, "axis": "y", "origin": [17, 0, 0]},
			"faces": {
				"north": {"uv": [4.75, 6.5, 5.0625, 6.6875], "texture": "#0"},
				"east": {"uv": [6.5, 4.75, 6.8125, 4.9375], "texture": "#0"},
				"south": {"uv": [6.5, 5, 6.8125, 5.1875], "texture": "#0"},
				"west": {"uv": [5.25, 6.5, 5.5625, 6.6875], "texture": "#0"},
				"up": {"uv": [3.5625, 6.3125, 3.25, 6], "texture": "#0"},
				"down": {"uv": [6.3125, 3.5, 6, 3.8125], "texture": "#0"}
			}
		},
		{
			"from": [6.25, 0.75, 3.05],
			"to": [7.25, 2, 4.05],
			"rotation": {"angle": 0, "axis": "y", "origin": [17, 0, 0]},
			"faces": {
				"north": {"uv": [2, 6.25, 2.25, 6.5625], "texture": "#0"},
				"east": {"uv": [3.75, 6.25, 4, 6.5625], "texture": "#0"},
				"south": {"uv": [4, 6.25, 4.25, 6.5625], "texture": "#0"},
				"west": {"uv": [6.25, 4.25, 6.5, 4.5625], "texture": "#0"},
				"up": {"uv": [6.75, 2.25, 6.5, 2], "texture": "#0"},
				"down": {"uv": [2.5, 6.5, 2.25, 6.75], "texture": "#0"}
			}
		},
		{
			"from": [6.15, 2, 2.95],
			"to": [7.35, 3.25, 4.15],
			"rotation": {"angle": 0, "axis": "y", "origin": [17, 0, 0]},
			"faces": {
				"north": {"uv": [1, 6, 1.3125, 6.3125], "texture": "#0"},
				"east": {"uv": [6, 2, 6.3125, 2.3125], "texture": "#0"},
				"south": {"uv": [2.25, 6, 2.5625, 6.3125], "texture": "#0"},
				"west": {"uv": [6, 2.5, 6.3125, 2.8125], "texture": "#0"},
				"up": {"uv": [3.0625, 6.3125, 2.75, 6], "texture": "#0"},
				"down": {"uv": [6.3125, 3, 6, 3.3125], "texture": "#0"}
			}
		},
		{
			"from": [6.05, 3.25, 2.85],
			"to": [7.45, 5, 4.25],
			"rotation": {"angle": 0, "axis": "y", "origin": [17, 0, 0]},
			"faces": {
				"north": {"uv": [5, 3, 5.375, 3.4375], "texture": "#0"},
				"east": {"uv": [3.25, 5, 3.625, 5.4375], "texture": "#0"},
				"south": {"uv": [3.75, 5, 4.125, 5.4375], "texture": "#0"},
				"west": {"uv": [4.25, 5, 4.625, 5.4375], "texture": "#0"},
				"up": {"uv": [5.625, 1.875, 5.25, 1.5], "texture": "#0"},
				"down": {"uv": [2.125, 5.25, 1.75, 5.625], "texture": "#0"}
			}
		},
		{
			"from": [8.6, 0, 2.9],
			"to": [9.9, 0.75, 4.2],
			"rotation": {"angle": 0, "axis": "y", "origin": [-1, 0, 0]},
			"faces": {
				"north": {"uv": [6.5, 2.5, 6.8125, 2.6875], "texture": "#0"},
				"east": {"uv": [2.75, 6.5, 3.0625, 6.6875], "texture": "#0"},
				"south": {"uv": [6.5, 2.75, 6.8125, 2.9375], "texture": "#0"},
				"west": {"uv": [6.5, 3, 6.8125, 3.1875], "texture": "#0"},
				"up": {"uv": [5.5625, 5.3125, 5.25, 5], "texture": "#0"},
				"down": {"uv": [1.5625, 5.5, 1.25, 5.8125], "texture": "#0"}
			}
		},
		{
			"from": [8.75, 0.75, 3.05],
			"to": [9.75, 2, 4.05],
			"rotation": {"angle": 0, "axis": "y", "origin": [-1, 0, 0]},
			"faces": {
				"north": {"uv": [5.5, 6, 5.75, 6.3125], "texture": "#0"},
				"east": {"uv": [5.75, 6, 6, 6.3125], "texture": "#0"},
				"south": {"uv": [6, 6, 6.25, 6.3125], "texture": "#0"},
				"west": {"uv": [0, 6.25, 0.25, 6.5625], "texture": "#0"},
				"up": {"uv": [2, 5.25, 1.75, 5], "texture": "#0"},
				"down": {"uv": [1.25, 5.75, 1, 6], "texture": "#0"}
			}
		},
		{
			"from": [8.65, 2, 2.95],
			"to": [9.85, 3.25, 4.15],
			"rotation": {"angle": 0, "axis": "y", "origin": [-1, 0, 0]},
			"faces": {
				"north": {"uv": [5.5, 2, 5.8125, 2.3125], "texture": "#0"},
				"east": {"uv": [2.25, 5.5, 2.5625, 5.8125], "texture": "#0"},
				"south": {"uv": [5.5, 2.5, 5.8125, 2.8125], "texture": "#0"},
				"west": {"uv": [2.75, 5.5, 3.0625, 5.8125], "texture": "#0"},
				"up": {"uv": [5.8125, 3.3125, 5.5, 3], "texture": "#0"},
				"down": {"uv": [3.5625, 5.5, 3.25, 5.8125], "texture": "#0"}
			}
		},
		{
			"from": [8.55, 3.25, 2.85],
			"to": [9.95, 5, 4.25],
			"rotation": {"angle": 0, "axis": "y", "origin": [-1, 0, 0]},
			"faces": {
				"north": {"uv": [4.75, 1.5, 5.125, 1.9375], "texture": "#0"},
				"east": {"uv": [1.25, 5, 1.625, 5.4375], "texture": "#0"},
				"south": {"uv": [5, 2, 5.375, 2.4375], "texture": "#0"},
				"west": {"uv": [2.25, 5, 2.625, 5.4375], "texture": "#0"},
				"up": {"uv": [5.625, 0.875, 5.25, 0.5], "texture": "#0"},
				"down": {"uv": [5.625, 1, 5.25, 1.375], "texture": "#0"}
			}
		},
		{
			"from": [6.25, 4, 2],
			"to": [9.75, 7.5, 5.1],
			"faces": {
				"north": {"uv": [1, 0, 1.875, 0.875], "texture": "#0"},
				"east": {"uv": [1.75, 2.75, 2.5, 3.625], "texture": "#0"},
				"south": {"uv": [1, 1, 1.875, 1.875], "texture": "#0"},
				"west": {"uv": [2.75, 1.75, 3.5, 2.625], "texture": "#0"},
				"up": {"uv": [3.375, 3.5, 2.5, 2.75], "texture": "#0"},
				"down": {"uv": [0.875, 3, 0, 3.75], "texture": "#0"}
			}
		},
		{
			"from": [6.15, 3.8, 5.1],
			"to": [9.85, 7.3, 8.2],
			"faces": {
				"north": {"uv": [0, 0, 0.9375, 0.875], "texture": "#0"},
				"east": {"uv": [2, 1.75, 2.75, 2.625], "texture": "#0"},
				"south": {"uv": [0, 1, 0.9375, 1.875], "texture": "#0"},
				"west": {"uv": [1, 2.75, 1.75, 3.625], "texture": "#0"},
				"up": {"uv": [1.9375, 2.75, 1, 2], "texture": "#0"},
				"down": {"uv": [2.9375, 1, 2, 1.75], "texture": "#0"}
			}
		},
		{
			"from": [6.25, 4, 8.2],
			"to": [9.75, 7.5, 11.3],
			"faces": {
				"north": {"uv": [0, 2, 0.875, 2.875], "texture": "#0"},
				"east": {"uv": [3, 0, 3.75, 0.875], "texture": "#0"},
				"south": {"uv": [2, 0, 2.875, 0.875], "texture": "#0"},
				"west": {"uv": [3.5, 1, 4.25, 1.875], "texture": "#0"},
				"up": {"uv": [4.375, 2.75, 3.5, 2], "texture": "#0"},
				"down": {"uv": [3.375, 3.5, 2.5, 4.25], "texture": "#0"}
			}
		},
		{
			"from": [7.7, 4.5, 11.25],
			"to": [8.3, 7, 11.8],
			"rotation": {"angle": -22.5, "axis": "x", "origin": [8, 5.75, 11.55]},
			"faces": {
				"north": {"uv": [6.25, 4.75, 6.375, 5.375], "texture": "#0"},
				"east": {"uv": [6.25, 5.5, 6.375, 6.125], "texture": "#0"},
				"south": {"uv": [6.25, 6.25, 6.375, 6.875], "texture": "#0"},
				"west": {"uv": [6.5, 0, 6.625, 0.625], "texture": "#0"},
				"up": {"uv": [7.625, 5.375, 7.5, 5.25], "texture": "#0"},
				"down": {"uv": [7.375, 7.5, 7.25, 7.625], "texture": "#0"}
			}
		},
		{
			"from": [7.75, 3.45, 11.75],
			"to": [8.25, 4.7, 12.25],
			"rotation": {"angle": 0, "axis": "y", "origin": [8, 5.75, 11.55]},
			"faces": {
				"north": {"uv": [3.25, 6.75, 3.375, 7.0625], "texture": "#0"},
				"east": {"uv": [3.5, 6.75, 3.625, 7.0625], "texture": "#0"},
				"south": {"uv": [3.75, 6.75, 3.875, 7.0625], "texture": "#0"},
				"west": {"uv": [4, 6.75, 4.125, 7.0625], "texture": "#0"},
				"up": {"uv": [7.625, 7.625, 7.5, 7.5], "texture": "#0"},
				"down": {"uv": [0.125, 7.75, 0, 7.875], "texture": "#0"}
			}
		},
		{
			"from": [7.75, 2.2, 11.75],
			"to": [8.25, 3.45, 12.25],
			"rotation": {"angle": 0, "axis": "y", "origin": [8, 5.75, 11.55]},
			"faces": {
				"north": {"uv": [4.25, 6.75, 4.375, 7.0625], "texture": "#0"},
				"east": {"uv": [4.5, 6.75, 4.625, 7.0625], "texture": "#0"},
				"south": {"uv": [4.75, 6.75, 4.875, 7.0625], "texture": "#0"},
				"west": {"uv": [5, 6.75, 5.125, 7.0625], "texture": "#0"},
				"up": {"uv": [7.875, 0.125, 7.75, 0], "texture": "#0"},
				"down": {"uv": [0.375, 7.75, 0.25, 7.875], "texture": "#0"}
			}
		},
		{
			"from": [7.6, 1.15, 11.6],
			"to": [8.4, 2.2, 12.4],
			"rotation": {"angle": 0, "axis": "y", "origin": [8, 5.75, 11.55]},
			"faces": {
				"north": {"uv": [6.5, 6.25, 6.6875, 6.5], "texture": "#0"},
				"east": {"uv": [6.5, 6.5, 6.6875, 6.75], "texture": "#0"},
				"south": {"uv": [0, 6.75, 0.1875, 7], "texture": "#0"},
				"west": {"uv": [6.75, 0, 6.9375, 0.25], "texture": "#0"},
				"up": {"uv": [7.1875, 1.6875, 7, 1.5], "texture": "#0"},
				"down": {"uv": [7.1875, 1.75, 7, 1.9375], "texture": "#0"}
			}
		},
		{
			"from": [7.75, 1.05, 11.75],
			"to": [8.25, 1.15, 12.25],
			"rotation": {"angle": 0, "axis": "y", "origin": [8, 5.75, 11.55]},
			"faces": {
				"north": {"uv": [7.75, 2.5, 7.875, 2.5625], "texture": "#0"},
				"east": {"uv": [2.75, 7.75, 2.875, 7.8125], "texture": "#0"},
				"south": {"uv": [7.75, 2.75, 7.875, 2.8125], "texture": "#0"},
				"west": {"uv": [7.75, 3, 7.875, 3.0625], "texture": "#0"},
				"up": {"uv": [7.875, 0.375, 7.75, 0.25], "texture": "#0"},
				"down": {"uv": [0.625, 7.75, 0.5, 7.875], "texture": "#0"}
			}
		},
		{
			"from": [7.55, 1.25, 11.7],
			"to": [7.6, 2.1, 12.3],
			"rotation": {"angle": 0, "axis": "y", "origin": [8, 5.75, 11.55]},
			"faces": {
				"north": {"uv": [7.75, 1, 7.8125, 1.1875], "texture": "#0"},
				"east": {"uv": [7.5, 2.5, 7.625, 2.6875], "texture": "#0"},
				"south": {"uv": [1.25, 7.75, 1.3125, 7.9375], "texture": "#0"},
				"west": {"uv": [7.5, 3.75, 7.625, 3.9375], "texture": "#0"},
				"up": {"uv": [7.8125, 3.375, 7.75, 3.25], "texture": "#0"},
				"down": {"uv": [3.5625, 7.75, 3.5, 7.875], "texture": "#0"}
			}
		},
		{
			"from": [8.4, 1.25, 11.7],
			"to": [8.45, 2.1, 12.3],
			"rotation": {"angle": 0, "axis": "y", "origin": [8, 5.75, 11.55]},
			"faces": {
				"north": {"uv": [7.75, 1.25, 7.8125, 1.4375], "texture": "#0"},
				"east": {"uv": [4, 7.5, 4.125, 7.6875], "texture": "#0"},
				"south": {"uv": [1.5, 7.75, 1.5625, 7.9375], "texture": "#0"},
				"west": {"uv": [7.5, 4, 7.625, 4.1875], "texture": "#0"},
				"up": {"uv": [7.8125, 3.625, 7.75, 3.5], "texture": "#0"},
				"down": {"uv": [7.8125, 3.75, 7.75, 3.875], "texture": "#0"}
			}
		},
		{
			"from": [7.7, 1.25, 12.4],
			"to": [8.3, 2.1, 12.45],
			"rotation": {"angle": 0, "axis": "y", "origin": [8, 5.75, 11.55]},
			"faces": {
				"north": {"uv": [4.5, 7.5, 4.625, 7.6875], "texture": "#0"},
				"east": {"uv": [7.75, 1.5, 7.8125, 1.6875], "texture": "#0"},
				"south": {"uv": [4.75, 7.5, 4.875, 7.6875], "texture": "#0"},
				"west": {"uv": [1.75, 7.75, 1.8125, 7.9375], "texture": "#0"},
				"up": {"uv": [4.125, 7.8125, 4, 7.75], "texture": "#0"},
				"down": {"uv": [7.875, 4, 7.75, 4.0625], "texture": "#0"}
			}
		},
		{
			"from": [7.7, 1.25, 11.55],
			"to": [8.3, 2.1, 11.6],
			"rotation": {"angle": 0, "axis": "y", "origin": [8, 5.75, 11.3]},
			"faces": {
				"north": {"uv": [7.5, 5, 7.625, 5.1875], "texture": "#0"},
				"east": {"uv": [7.75, 1.75, 7.8125, 1.9375], "texture": "#0"},
				"south": {"uv": [5.25, 7.5, 5.375, 7.6875], "texture": "#0"},
				"west": {"uv": [2, 7.75, 2.0625, 7.9375], "texture": "#0"},
				"up": {"uv": [4.375, 7.8125, 4.25, 7.75], "texture": "#0"},
				"down": {"uv": [7.875, 4.25, 7.75, 4.3125], "texture": "#0"}
			}
		},
		{
			"from": [7.9, 1, 11.9],
			"to": [8.1, 1.05, 12.1],
			"rotation": {"angle": 0, "axis": "y", "origin": [8, 5.75, 11.55]},
			"faces": {
				"north": {"uv": [4.5, 7.75, 4.5625, 7.8125], "texture": "#0"},
				"east": {"uv": [7.75, 4.5, 7.8125, 4.5625], "texture": "#0"},
				"south": {"uv": [4.75, 7.75, 4.8125, 7.8125], "texture": "#0"},
				"west": {"uv": [7.75, 4.75, 7.8125, 4.8125], "texture": "#0"},
				"up": {"uv": [5.0625, 7.8125, 5, 7.75], "texture": "#0"},
				"down": {"uv": [7.8125, 5, 7.75, 5.0625], "texture": "#0"}
			}
		},
		{
			"from": [7.55, 3.52339, -1.90257],
			"to": [8.45, 6.27339, -1.05257],
			"rotation": {"angle": -22.5, "axis": "x", "origin": [8, 6.97339, -0.50257]},
			"faces": {
				"north": {"uv": [5, 0.75, 5.25, 1.4375], "texture": "#0"},
				"east": {"uv": [5.25, 3.5, 5.4375, 4.1875], "texture": "#0"},
				"south": {"uv": [1, 5, 1.25, 5.6875], "texture": "#0"},
				"west": {"uv": [5.25, 4.25, 5.4375, 4.9375], "texture": "#0"},
				"up": {"uv": [0.5, 6.9375, 0.25, 6.75], "texture": "#0"},
				"down": {"uv": [7, 0.25, 6.75, 0.4375], "texture": "#0"}
			}
		},
		{
			"from": [7.6, 1.50823, -0.03429],
			"to": [8.4, 3.25823, 0.16571],
			"rotation": {"angle": 22.5, "axis": "x", "origin": [8, 4.68323, -0.60929]},
			"faces": {
				"north": {"uv": [5, 6, 5.1875, 6.4375], "texture": "#0"},
				"east": {"uv": [7.5, 1.5, 7.5625, 1.9375], "texture": "#0"},
				"south": {"uv": [5.25, 6, 5.4375, 6.4375], "texture": "#0"},
				"west": {"uv": [7.5, 2, 7.5625, 2.4375], "texture": "#0"},
				"up": {"uv": [7.9375, 2.3125, 7.75, 2.25], "texture": "#0"},
				"down": {"uv": [2.6875, 7.75, 2.5, 7.8125], "texture": "#0"}
			}
		},
		{
			"from": [7.6, 3.25823, -0.03429],
			"to": [8.4, 4.00823, 0.66571],
			"rotation": {"angle": 22.5, "axis": "x", "origin": [8, 4.68323, -0.60929]},
			"faces": {
				"north": {"uv": [2.25, 7, 2.4375, 7.1875], "texture": "#0"},
				"east": {"uv": [7, 2.25, 7.1875, 2.4375], "texture": "#0"},
				"south": {"uv": [7, 2.5, 7.1875, 2.6875], "texture": "#0"},
				"west": {"uv": [7, 2.75, 7.1875, 2.9375], "texture": "#0"},
				"up": {"uv": [3.1875, 7.1875, 3, 7], "texture": "#0"},
				"down": {"uv": [7.1875, 3, 7, 3.1875], "texture": "#0"}
			}
		},
		{
			"from": [8.2, 1.50823, 0.16571],
			"to": [8.4, 3.25823, 0.46571],
			"rotation": {"angle": 22.5, "axis": "x", "origin": [8, 4.68323, -0.60929]},
			"faces": {
				"north": {"uv": [7.25, 7, 7.3125, 7.4375], "texture": "#0"},
				"east": {"uv": [7.5, 0, 7.5625, 0.4375], "texture": "#0"},
				"south": {"uv": [7.5, 0.5, 7.5625, 0.9375], "texture": "#0"},
				"west": {"uv": [7.5, 1, 7.5625, 1.4375], "texture": "#0"},
				"up": {"uv": [2.5625, 8.0625, 2.5, 8], "texture": "#0"},
				"down": {"uv": [8.0625, 2.5, 8, 2.5625], "texture": "#0"}
			}
		},
		{
			"from": [7.6, 1.50823, 0.16571],
			"to": [7.8, 3.25823, 0.46571],
			"rotation": {"angle": 22.5, "axis": "x", "origin": [8, 4.68323, -0.60929]},
			"faces": {
				"north": {"uv": [3, 7.5, 3.0625, 7.9375], "texture": "#0"},
				"east": {"uv": [7.5, 3, 7.5625, 3.4375], "texture": "#0"},
				"south": {"uv": [3.25, 7.5, 3.3125, 7.9375], "texture": "#0"},
				"west": {"uv": [3.75, 7.5, 3.8125, 7.9375], "texture": "#0"},
				"up": {"uv": [2.8125, 8.0625, 2.75, 8], "texture": "#0"},
				"down": {"uv": [8.0625, 2.75, 8, 2.8125], "texture": "#0"}
			}
		},
		{
			"from": [7.6, 1.50823, 0.46571],
			"to": [8.4, 3.25823, 0.66571],
			"rotation": {"angle": 22.5, "axis": "x", "origin": [8, 4.68323, -0.60929]},
			"faces": {
				"north": {"uv": [4.5, 6, 4.6875, 6.4375], "texture": "#0"},
				"east": {"uv": [7.25, 6.5, 7.3125, 6.9375], "texture": "#0"},
				"south": {"uv": [4.75, 6, 4.9375, 6.4375], "texture": "#0"},
				"west": {"uv": [7, 7.25, 7.0625, 7.6875], "texture": "#0"},
				"up": {"uv": [7.9375, 2.0625, 7.75, 2], "texture": "#0"},
				"down": {"uv": [2.4375, 7.75, 2.25, 7.8125], "texture": "#0"}
			}
		},
		{
			"from": [7.5, 6, -0.5],
			"to": [8.5, 9, 0.5],
			"rotation": {"angle": 22.5, "axis": "x", "origin": [8, 8.5, -1.575]},
			"faces": {
				"north": {"uv": [2, 4.5, 2.25, 5.25], "texture": "#0"},
				"east": {"uv": [5, 0, 5.25, 0.75], "texture": "#0"},
				"south": {"uv": [0.5, 5, 0.75, 5.75], "texture": "#0"},
				"west": {"uv": [0.75, 5, 1, 5.75], "texture": "#0"},
				"up": {"uv": [6.75, 2.5, 6.5, 2.25], "texture": "#0"},
				"down": {"uv": [2.75, 6.5, 2.5, 6.75], "texture": "#0"}
			}
		},
		{
			"from": [6.7, 5.32601, -3.0828],
			"to": [6.95, 5.62601, -2.8828],
			"rotation": {"angle": -22.5, "axis": "x", "origin": [6.825, 5.17601, -2.1828]},
			"faces": {
				"north": {"uv": [5.25, 7.75, 5.3125, 7.8125], "texture": "#0"},
				"east": {"uv": [7.75, 5.25, 7.8125, 5.3125], "texture": "#0"},
				"south": {"uv": [7.75, 5.5, 7.8125, 5.5625], "texture": "#0"},
				"west": {"uv": [7.75, 5.75, 7.8125, 5.8125], "texture": "#0"},
				"up": {"uv": [7.8125, 6.0625, 7.75, 6], "texture": "#0"},
				"down": {"uv": [6.3125, 7.75, 6.25, 7.8125], "texture": "#0"}
			}
		},
		{
			"from": [6.6, 5.22601, -2.8828],
			"to": [7.05, 5.72601, -1.3828],
			"rotation": {"angle": -22.5, "axis": "x", "origin": [6.825, 5.17601, -2.1828]},
			"faces": {
				"north": {"uv": [7.75, 0.5, 7.875, 0.625], "texture": "#0"},
				"east": {"uv": [0.75, 6.75, 1.125, 6.875], "texture": "#0"},
				"south": {"uv": [0.75, 7.75, 0.875, 7.875], "texture": "#0"},
				"west": {"uv": [1.25, 6.75, 1.625, 6.875], "texture": "#0"},
				"up": {"uv": [6.875, 1.875, 6.75, 1.5], "texture": "#0"},
				"down": {"uv": [1.875, 6.75, 1.75, 7.125], "texture": "#0"}
			}
		},
		{
			"from": [6.5, 5.98771, -2.32821],
			"to": [7.15, 6.68771, -0.57821],
			"rotation": {"angle": -45, "axis": "x", "origin": [6.825, 6.83771, -1.22821]},
			"faces": {
				"north": {"uv": [7, 3.25, 7.1875, 3.4375], "texture": "#0"},
				"east": {"uv": [3.75, 0.75, 4.1875, 0.9375], "texture": "#0"},
				"south": {"uv": [7, 3.5, 7.1875, 3.6875], "texture": "#0"},
				"west": {"uv": [4.5, 0.5, 4.9375, 0.6875], "texture": "#0"},
				"up": {"uv": [2.4375, 4.1875, 2.25, 3.75], "texture": "#0"},
				"down": {"uv": [1.6875, 6, 1.5, 6.4375], "texture": "#0"}
			}
		},
		{
			"from": [6.4, 6.90433, -0.58097],
			"to": [7.25, 7.80433, 0.61903],
			"rotation": {"angle": -45, "axis": "x", "origin": [6.825, 7.35433, 0.01903]},
			"faces": {
				"north": {"uv": [0.5, 6.75, 0.6875, 7], "texture": "#0"},
				"east": {"uv": [6.5, 0.75, 6.8125, 1], "texture": "#0"},
				"south": {"uv": [6.75, 0.5, 6.9375, 0.75], "texture": "#0"},
				"west": {"uv": [1, 6.5, 1.3125, 6.75], "texture": "#0"},
				"up": {"uv": [6.6875, 5.5625, 6.5, 5.25], "texture": "#0"},
				"down": {"uv": [5.9375, 6.5, 5.75, 6.8125], "texture": "#0"}
			}
		},
		{
			"from": [8.75, 6.90433, -0.58097],
			"to": [9.6, 7.80433, 0.61903],
			"rotation": {"angle": -45, "axis": "x", "origin": [9.175, 7.35433, 0.01903]},
			"faces": {
				"north": {"uv": [6.75, 2.25, 6.9375, 2.5], "texture": "#0"},
				"east": {"uv": [6.5, 1, 6.8125, 1.25], "texture": "#0"},
				"south": {"uv": [3, 6.75, 3.1875, 7], "texture": "#0"},
				"west": {"uv": [6.5, 1.25, 6.8125, 1.5], "texture": "#0"},
				"up": {"uv": [6.6875, 6.0625, 6.5, 5.75], "texture": "#0"},
				"down": {"uv": [6.1875, 6.5, 6, 6.8125], "texture": "#0"}
			}
		},
		{
			"from": [8.85, 5.98771, -2.32821],
			"to": [9.5, 6.68771, -0.57821],
			"rotation": {"angle": -45, "axis": "x", "origin": [9.175, 6.83771, -1.22821]},
			"faces": {
				"north": {"uv": [7, 3.75, 7.1875, 3.9375], "texture": "#0"},
				"east": {"uv": [3.75, 6, 4.1875, 6.1875], "texture": "#0"},
				"south": {"uv": [7, 4, 7.1875, 4.1875], "texture": "#0"},
				"west": {"uv": [6, 4, 6.4375, 4.1875], "texture": "#0"},
				"up": {"uv": [4.4375, 6.4375, 4.25, 6], "texture": "#0"},
				"down": {"uv": [6.1875, 4.25, 6, 4.6875], "texture": "#0"}
			}
		},
		{
			"from": [8.95, 5.22601, -2.8828],
			"to": [9.4, 5.72601, -1.3828],
			"rotation": {"angle": -22.5, "axis": "x", "origin": [9.175, 5.17601, -2.1828]},
			"faces": {
				"north": {"uv": [7.75, 0.75, 7.875, 0.875], "texture": "#0"},
				"east": {"uv": [2, 6.75, 2.375, 6.875], "texture": "#0"},
				"south": {"uv": [1, 7.75, 1.125, 7.875], "texture": "#0"},
				"west": {"uv": [6.75, 2, 7.125, 2.125], "texture": "#0"},
				"up": {"uv": [2.625, 7.125, 2.5, 6.75], "texture": "#0"},
				"down": {"uv": [2.875, 6.75, 2.75, 7.125], "texture": "#0"}
			}
		},
		{
			"from": [9.05, 5.32601, -3.0828],
			"to": [9.3, 5.62601, -2.8828],
			"rotation": {"angle": -22.5, "axis": "x", "origin": [9.175, 5.17601, -2.1828]},
			"faces": {
				"north": {"uv": [7.75, 6.25, 7.8125, 6.3125], "texture": "#0"},
				"east": {"uv": [7.75, 6.5, 7.8125, 6.5625], "texture": "#0"},
				"south": {"uv": [7.75, 6.75, 7.8125, 6.8125], "texture": "#0"},
				"west": {"uv": [7, 7.75, 7.0625, 7.8125], "texture": "#0"},
				"up": {"uv": [7.8125, 7.0625, 7.75, 7], "texture": "#0"},
				"down": {"uv": [7.3125, 7.75, 7.25, 7.8125], "texture": "#0"}
			}
		},
		{
			"from": [6.8, 7.9, 1.65],
			"to": [7.05, 10.4, 4.1],
			"rotation": {"angle": -22.5, "axis": "y", "origin": [6.625, 8.5, 1.375]},
			"faces": {
				"north": {"uv": [5.25, 6.75, 5.3125, 7.375], "texture": "#0"},
				"east": {"uv": [4.25, 0.75, 4.875, 1.375], "texture": "#0"},
				"south": {"uv": [6.75, 5.25, 6.8125, 5.875], "texture": "#0"},
				"west": {"uv": [2.25, 4.25, 2.875, 4.875], "texture": "#0"},
				"up": {"uv": [5.5625, 7.375, 5.5, 6.75], "texture": "#0"},
				"down": {"uv": [6.8125, 6, 6.75, 6.625], "texture": "#0"}
			}
		},
		{
			"from": [6.8, 7.75, 1.5],
			"to": [7.05, 10.25, 1.65],
			"rotation": {"angle": -22.5, "axis": "y", "origin": [6.625, 8.5, 1.375]},
			"faces": {
				"north": {"uv": [6.5, 6.75, 6.5625, 7.375], "texture": "#0"},
				"east": {"uv": [6.75, 6.75, 6.8125, 7.375], "texture": "#0"},
				"south": {"uv": [0, 7, 0.0625, 7.625], "texture": "#0"},
				"west": {"uv": [7, 0, 7.0625, 0.625], "texture": "#0"},
				"up": {"uv": [0.5625, 8.0625, 0.5, 8], "texture": "#0"},
				"down": {"uv": [8.0625, 0.5, 8, 0.5625], "texture": "#0"}
			}
		},
		{
			"from": [6.8, 10.4, 1.65],
			"to": [7.05, 10.55, 3.5],
			"rotation": {"angle": -22.5, "axis": "y", "origin": [6.625, 8.5, 1.375]},
			"faces": {
				"north": {"uv": [0.75, 8, 0.8125, 8.0625], "texture": "#0"},
				"east": {"uv": [7.25, 3.5, 7.6875, 3.5625], "texture": "#0"},
				"south": {"uv": [8, 0.75, 8.0625, 0.8125], "texture": "#0"},
				"west": {"uv": [3.75, 7.25, 4.1875, 7.3125], "texture": "#0"},
				"up": {"uv": [7.3125, 4.1875, 7.25, 3.75], "texture": "#0"},
				"down": {"uv": [4.3125, 7.25, 4.25, 7.6875], "texture": "#0"}
			}
		},
		{
			"from": [6.8, 8.15, 4.1],
			"to": [7.05, 10.15, 4.35],
			"rotation": {"angle": -22.5, "axis": "y", "origin": [6.625, 8.5, 1.375]},
			"faces": {
				"north": {"uv": [7.25, 0.75, 7.3125, 1.25], "texture": "#0"},
				"east": {"uv": [7.25, 1.25, 7.3125, 1.75], "texture": "#0"},
				"south": {"uv": [1.75, 7.25, 1.8125, 7.75], "texture": "#0"},
				"west": {"uv": [7.25, 1.75, 7.3125, 2.25], "texture": "#0"},
				"up": {"uv": [7.8125, 7.3125, 7.75, 7.25], "texture": "#0"},
				"down": {"uv": [7.5625, 7.75, 7.5, 7.8125], "texture": "#0"}
			}
		},
		{
			"from": [6.8, 8.5, 4.35],
			"to": [7.05, 9.8, 4.5],
			"rotation": {"angle": -22.5, "axis": "y", "origin": [6.625, 8.5, 1.375]},
			"faces": {
				"north": {"uv": [5.5, 7.5, 5.5625, 7.8125], "texture": "#0"},
				"east": {"uv": [5.75, 7.5, 5.8125, 7.8125], "texture": "#0"},
				"south": {"uv": [7.5, 5.75, 7.5625, 6.0625], "texture": "#0"},
				"west": {"uv": [6, 7.5, 6.0625, 7.8125], "texture": "#0"},
				"up": {"uv": [7.8125, 7.5625, 7.75, 7.5], "texture": "#0"},
				"down": {"uv": [7.8125, 7.75, 7.75, 7.8125], "texture": "#0"}
			}
		},
		{
			"from": [6.8, 7.65, 1.65],
			"to": [7.05, 7.9, 3.85],
			"rotation": {"angle": -22.5, "axis": "y", "origin": [6.625, 8.5, 1.375]},
			"faces": {
				"north": {"uv": [0, 8, 0.0625, 8.0625], "texture": "#0"},
				"east": {"uv": [7, 4.25, 7.5625, 4.3125], "texture": "#0"},
				"south": {"uv": [8, 0, 8.0625, 0.0625], "texture": "#0"},
				"west": {"uv": [7, 4.5, 7.5625, 4.5625], "texture": "#0"},
				"up": {"uv": [7.0625, 5.3125, 7, 4.75], "texture": "#0"},
				"down": {"uv": [7.0625, 5.5, 7, 6.0625], "texture": "#0"}
			}
		},
		{
			"from": [6.8, 7.5, 1.65],
			"to": [7.05, 7.65, 3.35],
			"rotation": {"angle": -22.5, "axis": "y", "origin": [6.625, 8.5, 1.375]},
			"faces": {
				"north": {"uv": [0.25, 8, 0.3125, 8.0625], "texture": "#0"},
				"east": {"uv": [7.25, 2.75, 7.6875, 2.8125], "texture": "#0"},
				"south": {"uv": [8, 0.25, 8.0625, 0.3125], "texture": "#0"},
				"west": {"uv": [3, 7.25, 3.4375, 7.3125], "texture": "#0"},
				"up": {"uv": [7.3125, 3.4375, 7.25, 3], "texture": "#0"},
				"down": {"uv": [3.5625, 7.25, 3.5, 7.6875], "texture": "#0"}
			}
		},
		{
			"from": [8.95, 7.9, 1.65],
			"to": [9.2, 10.4, 4.1],
			"rotation": {"angle": 22.5, "axis": "y", "origin": [9.375, 8.5, 1.375]},
			"faces": {
				"north": {"uv": [0.25, 7, 0.3125, 7.625], "texture": "#0"},
				"east": {"uv": [4.25, 2.75, 4.875, 3.375], "texture": "#0"},
				"south": {"uv": [0.5, 7, 0.5625, 7.625], "texture": "#0"},
				"west": {"uv": [3, 4.25, 3.625, 4.875], "texture": "#0"},
				"up": {"uv": [0.8125, 7.625, 0.75, 7], "texture": "#0"},
				"down": {"uv": [7.0625, 0.75, 7, 1.375], "texture": "#0"}
			}
		},
		{
			"from": [8.95, 10.4, 1.65],
			"to": [9.2, 10.55, 3.5],
			"rotation": {"angle": 22.5, "axis": "y", "origin": [9.375, 8.5, 1.375]},
			"faces": {
				"north": {"uv": [2, 8, 2.0625, 8.0625], "texture": "#0"},
				"east": {"uv": [7.25, 5.5, 7.6875, 5.5625], "texture": "#0"},
				"south": {"uv": [8, 2, 8.0625, 2.0625], "texture": "#0"},
				"west": {"uv": [5.75, 7.25, 6.1875, 7.3125], "texture": "#0"},
				"up": {"uv": [7.3125, 6.1875, 7.25, 5.75], "texture": "#0"},
				"down": {"uv": [6.3125, 7.25, 6.25, 7.6875], "texture": "#0"}
			}
		},
		{
			"from": [8.95, 7.75, 1.5],
			"to": [9.2, 10.25, 1.65],
			"rotation": {"angle": 22.5, "axis": "y", "origin": [9.375, 8.5, 1.375]},
			"faces": {
				"north": {"uv": [1, 7, 1.0625, 7.625], "texture": "#0"},
				"east": {"uv": [1.25, 7, 1.3125, 7.625], "texture": "#0"},
				"south": {"uv": [1.5, 7, 1.5625, 7.625], "texture": "#0"},
				"west": {"uv": [2, 7, 2.0625, 7.625], "texture": "#0"},
				"up": {"uv": [2.3125, 8.0625, 2.25, 8], "texture": "#0"},
				"down": {"uv": [8.0625, 2.25, 8, 2.3125], "texture": "#0"}
			}
		},
		{
			"from": [8.95, 8.15, 4.1],
			"to": [9.2, 10.15, 4.35],
			"rotation": {"angle": 22.5, "axis": "y", "origin": [9.375, 8.5, 1.375]},
			"faces": {
				"north": {"uv": [2.25, 7.25, 2.3125, 7.75], "texture": "#0"},
				"east": {"uv": [7.25, 2.25, 7.3125, 2.75], "texture": "#0"},
				"south": {"uv": [2.5, 7.25, 2.5625, 7.75], "texture": "#0"},
				"west": {"uv": [2.75, 7.25, 2.8125, 7.75], "texture": "#0"},
				"up": {"uv": [1.3125, 8.0625, 1.25, 8], "texture": "#0"},
				"down": {"uv": [8.0625, 1.25, 8, 1.3125], "texture": "#0"}
			}
		},
		{
			"from": [8.95, 8.5, 4.35],
			"to": [9.2, 9.8, 4.5],
			"rotation": {"angle": 22.5, "axis": "y", "origin": [9.375, 8.5, 1.375]},
			"faces": {
				"north": {"uv": [6.5, 7.5, 6.5625, 7.8125], "texture": "#0"},
				"east": {"uv": [7.5, 6.5, 7.5625, 6.8125], "texture": "#0"},
				"south": {"uv": [6.75, 7.5, 6.8125, 7.8125], "texture": "#0"},
				"west": {"uv": [7.5, 7, 7.5625, 7.3125], "texture": "#0"},
				"up": {"uv": [1.0625, 8.0625, 1, 8], "texture": "#0"},
				"down": {"uv": [8.0625, 1, 8, 1.0625], "texture": "#0"}
			}
		},
		{
			"from": [8.95, 7.65, 1.65],
			"to": [9.2, 7.9, 3.85],
			"rotation": {"angle": 22.5, "axis": "y", "origin": [9.375, 8.5, 1.375]},
			"faces": {
				"north": {"uv": [1.75, 8, 1.8125, 8.0625], "texture": "#0"},
				"east": {"uv": [5.75, 7, 6.3125, 7.0625], "texture": "#0"},
				"south": {"uv": [8, 1.75, 8.0625, 1.8125], "texture": "#0"},
				"west": {"uv": [7, 6.25, 7.5625, 6.3125], "texture": "#0"},
				"up": {"uv": [7.0625, 7.0625, 7, 6.5], "texture": "#0"},
				"down": {"uv": [7.3125, 0, 7.25, 0.5625], "texture": "#0"}
			}
		},
		{
			"from": [8.95, 7.5, 1.65],
			"to": [9.2, 7.65, 3.35],
			"rotation": {"angle": 22.5, "axis": "y", "origin": [9.375, 8.5, 1.375]},
			"faces": {
				"north": {"uv": [1.5, 8, 1.5625, 8.0625], "texture": "#0"},
				"east": {"uv": [4.5, 7.25, 4.9375, 7.3125], "texture": "#0"},
				"south": {"uv": [8, 1.5, 8.0625, 1.5625], "texture": "#0"},
				"west": {"uv": [7.25, 4.75, 7.6875, 4.8125], "texture": "#0"},
				"up": {"uv": [5.0625, 7.6875, 5, 7.25], "texture": "#0"},
				"down": {"uv": [7.3125, 5, 7.25, 5.4375], "texture": "#0"}
			}
		}
	],
	"display": {
		"thirdperson_righthand": {
			"rotation": [90, 0, 0],
			"translation": [-5.75, -7, 20],
			"scale": [4, 4, 4]
		}
	},
	"groups": [
		0,
		1,
		{
			"name": "LBL",
			"origin": [6.75, 1.375, 10],
			"color": 0,
			"children": [2, 3, 4, 5]
		},
		{
			"name": "RBL",
			"origin": [9.25, 1.67198, 9.60639],
			"color": 0,
			"children": [6, 7, 8, 9]
		},
		{
			"name": "LFL",
			"origin": [17, 0, 0],
			"color": 0,
			"children": [10, 11, 12, 13]
		},
		{
			"name": "RFL",
			"origin": [-1, 0, 0],
			"color": 0,
			"children": [14, 15, 16, 17]
		},
		{
			"name": "Body",
			"origin": [0, 0, 0],
			"color": 0,
			"children": [18, 19, 20]
		},
		{
			"name": "Tail",
			"origin": [8, 5.75, 11.55],
			"color": 0,
			"children": [21, 22, 23, 24, 25, 26, 27, 28, 29, 30]
		},
		{
			"name": "Trunk",
			"origin": [8, 8.5, -1.575],
			"color": 0,
			"children": [31, 32, 33, 34, 35, 36, 37]
		},
		{
			"name": "LTusk",
			"origin": [6.825, 7.35433, 0.01903],
			"color": 0,
			"children": [38, 39, 40, 41]
		},
		{
			"name": "RTusk",
			"origin": [9.175, 5.17601, -2.1828],
			"color": 0,
			"children": [42, 43, 44, 45]
		},
		{
			"name": "LEar",
			"origin": [6.625, 8.5, 0.875],
			"color": 0,
			"children": [46, 47, 48, 49, 50, 51, 52]
		},
		{
			"name": "REar",
			"origin": [9.375, 8.5, 0.875],
			"color": 0,
			"children": [53, 54, 55, 56, 57, 58, 59]
		}
	]
}