{
	"credit": "Made with Blockbench",
	"texture_size": [64, 64],
	"textures": {
		"main": "entity/lion_base"
	},
	"elements": [
		{
			"from": [6.5, 0, 4.25],
			"to": [7.25, 0.7, 5.5],
			"rotation": {"angle": 0, "axis": "y", "origin": [6.25, 0, 4.5]},
			"faces": {
				"north": {"uv": [4, 6.5, 4.1875, 6.6875], "texture": "#main"},
				"east": {"uv": [6.25, 1.5, 6.5625, 1.6875], "texture": "#main"},
				"south": {"uv": [6.5, 4, 6.6875, 4.1875], "texture": "#main"},
				"west": {"uv": [6.25, 1.75, 6.5625, 1.9375], "texture": "#main"},
				"up": {"uv": [1.6875, 6.5625, 1.5, 6.25], "texture": "#main"},
				"down": {"uv": [6.4375, 2, 6.25, 2.3125], "texture": "#main"}
			}
		},
		{
			"from": [6.5, 0, 3.85],
			"to": [6.875, 0.4, 4.25],
			"rotation": {"angle": 0, "axis": "y", "origin": [6.25, 0, 3.5]},
			"faces": {
				"north": {"uv": [7, 0.75, 7.125, 0.875], "texture": "#main"},
				"east": {"uv": [1, 7, 1.125, 7.125], "texture": "#main"},
				"south": {"uv": [7, 1, 7.125, 1.125], "texture": "#main"},
				"west": {"uv": [1.25, 7, 1.375, 7.125], "texture": "#main"},
				"up": {"uv": [1.875, 7.125, 1.75, 7], "texture": "#main"},
				"down": {"uv": [7.125, 1.75, 7, 1.875], "texture": "#main"}
			}
		},
		{
			"from": [6.25, 0, 4.85],
			"to": [6.5, 0.4, 5.25],
			"rotation": {"angle": 0, "axis": "y", "origin": [5.5, 0, 4.25]},
			"faces": {
				"north": {"uv": [7.25, 4.75, 7.3125, 4.875], "texture": "#main"},
				"east": {"uv": [2, 7, 2.125, 7.125], "texture": "#main"},
				"south": {"uv": [5, 7.25, 5.0625, 7.375], "texture": "#main"},
				"west": {"uv": [7, 2, 7.125, 2.125], "texture": "#main"},
				"up": {"uv": [7.3125, 5.125, 7.25, 5], "texture": "#main"},
				"down": {"uv": [5.3125, 7.25, 5.25, 7.375], "texture": "#main"}
			}
		},
		{
			"from": [6.875, 0, 3.85],
			"to": [7.25, 0.4, 4.25],
			"rotation": {"angle": 0, "axis": "y", "origin": [6.6, 0, 3.5]},
			"faces": {
				"north": {"uv": [2.25, 7, 2.375, 7.125], "texture": "#main"},
				"east": {"uv": [7, 2.25, 7.125, 2.375], "texture": "#main"},
				"south": {"uv": [2.5, 7, 2.625, 7.125], "texture": "#main"},
				"west": {"uv": [7, 2.5, 7.125, 2.625], "texture": "#main"},
				"up": {"uv": [3.125, 7.125, 3, 7], "texture": "#main"},
				"down": {"uv": [7.125, 3, 7, 3.125], "texture": "#main"}
			}
		},
		{
			"from": [6.6, 0, 3.65],
			"to": [6.775, 0.2, 3.85],
			"rotation": {"angle": 0, "axis": "y", "origin": [6.25, 0, 3.1]},
			"faces": {
				"north": {"uv": [3, 7.5, 3.0625, 7.5625], "texture": "#main"},
				"east": {"uv": [7.5, 3, 7.5625, 3.0625], "texture": "#main"},
				"south": {"uv": [3.25, 7.5, 3.3125, 7.5625], "texture": "#main"},
				"west": {"uv": [7.5, 3.25, 7.5625, 3.3125], "texture": "#main"},
				"up": {"uv": [3.5625, 7.5625, 3.5, 7.5], "texture": "#main"},
				"down": {"uv": [7.5625, 3.5, 7.5, 3.5625], "texture": "#main"}
			}
		},
		{
			"from": [6.975, 0, 3.65],
			"to": [7.15, 0.2, 3.85],
			"rotation": {"angle": 0, "axis": "y", "origin": [6.6, 0, 3.1]},
			"faces": {
				"north": {"uv": [3.75, 7.5, 3.8125, 7.5625], "texture": "#main"},
				"east": {"uv": [7.5, 3.75, 7.5625, 3.8125], "texture": "#main"},
				"south": {"uv": [4, 7.5, 4.0625, 7.5625], "texture": "#main"},
				"west": {"uv": [7.5, 4, 7.5625, 4.0625], "texture": "#main"},
				"up": {"uv": [4.3125, 7.5625, 4.25, 7.5], "texture": "#main"},
				"down": {"uv": [7.5625, 4.25, 7.5, 4.3125], "texture": "#main"}
			}
		},
		{
			"from": [6.35, 0, 4.65],
			"to": [6.5, 0.2, 4.85],
			"rotation": {"angle": 0, "axis": "y", "origin": [5.5, 0, 3.85]},
			"faces": {
				"north": {"uv": [4.5, 7.5, 4.5625, 7.5625], "texture": "#main"},
				"east": {"uv": [7.5, 4.5, 7.5625, 4.5625], "texture": "#main"},
				"south": {"uv": [4.75, 7.5, 4.8125, 7.5625], "texture": "#main"},
				"west": {"uv": [7.5, 4.75, 7.5625, 4.8125], "texture": "#main"},
				"up": {"uv": [5.0625, 7.5625, 5, 7.5], "texture": "#main"},
				"down": {"uv": [7.5625, 5, 7.5, 5.0625], "texture": "#main"}
			}
		},
		{
			"from": [7.25, 0, 4.85],
			"to": [7.5, 0.4, 5.25],
			"rotation": {"angle": 0, "axis": "y", "origin": [6.5, 0, 4.25]},
			"faces": {
				"north": {"uv": [7.25, 5.25, 7.3125, 5.375], "texture": "#main"},
				"east": {"uv": [3.25, 7, 3.375, 7.125], "texture": "#main"},
				"south": {"uv": [5.5, 7.25, 5.5625, 7.375], "texture": "#main"},
				"west": {"uv": [3.5, 7, 3.625, 7.125], "texture": "#main"},
				"up": {"uv": [7.3125, 5.625, 7.25, 5.5], "texture": "#main"},
				"down": {"uv": [5.8125, 7.25, 5.75, 7.375], "texture": "#main"}
			}
		},
		{
			"from": [7.25, 0, 4.65],
			"to": [7.4, 0.2, 4.85],
			"rotation": {"angle": 0, "axis": "y", "origin": [6.4, 0, 3.85]},
			"faces": {
				"north": {"uv": [5.25, 7.5, 5.3125, 7.5625], "texture": "#main"},
				"east": {"uv": [7.5, 5.25, 7.5625, 5.3125], "texture": "#main"},
				"south": {"uv": [5.5, 7.5, 5.5625, 7.5625], "texture": "#main"},
				"west": {"uv": [7.5, 5.5, 7.5625, 5.5625], "texture": "#main"},
				"up": {"uv": [5.8125, 7.5625, 5.75, 7.5], "texture": "#main"},
				"down": {"uv": [7.5625, 5.75, 7.5, 5.8125], "texture": "#main"}
			}
		},
		{
			"from": [6.45, 0.55, 4.7],
			"to": [7.3, 1.6, 5.5],
			"rotation": {"angle": 22.5, "axis": "x", "origin": [6.875, 0.35, 5]},
			"faces": {
				"north": {"uv": [6.5, 0.75, 6.6875, 1], "texture": "#main"},
				"east": {"uv": [6.5, 1.25, 6.6875, 1.5], "texture": "#main"},
				"south": {"uv": [6.5, 2, 6.6875, 2.25], "texture": "#main"},
				"west": {"uv": [2.25, 6.5, 2.4375, 6.75], "texture": "#main"},
				"up": {"uv": [4.4375, 6.6875, 4.25, 6.5], "texture": "#main"},
				"down": {"uv": [6.6875, 4.25, 6.5, 4.4375], "texture": "#main"}
			}
		},
		{
			"from": [6.35, 1.6, 4.6],
			"to": [7.4, 3.15, 5.6],
			"rotation": {"angle": 22.5, "axis": "x", "origin": [6.875, 0.35, 5]},
			"faces": {
				"north": {"uv": [1.5, 3.5, 1.75, 3.875], "texture": "#main"},
				"east": {"uv": [1.25, 5, 1.5, 5.375], "texture": "#main"},
				"south": {"uv": [4.5, 5, 4.75, 5.375], "texture": "#main"},
				"west": {"uv": [3.25, 6, 3.5, 6.375], "texture": "#main"},
				"up": {"uv": [3.75, 5, 3.5, 4.75], "texture": "#main"},
				"down": {"uv": [5.5, 0.5, 5.25, 0.75], "texture": "#main"}
			}
		},
		{
			"from": [6.25, 2.35759, 5.56732],
			"to": [7.5, 4.15759, 6.76732],
			"rotation": {"angle": -22.5, "axis": "x", "origin": [6.875, 2.18259, 5.86732]},
			"faces": {
				"north": {"uv": [3.75, 5.5, 4.0625, 5.9375], "texture": "#main"},
				"east": {"uv": [4.25, 5.5, 4.5625, 5.9375], "texture": "#main"},
				"south": {"uv": [4.75, 5.5, 5.0625, 5.9375], "texture": "#main"},
				"west": {"uv": [5.25, 5.5, 5.5625, 5.9375], "texture": "#main"},
				"up": {"uv": [6.3125, 0.8125, 6, 0.5], "texture": "#main"},
				"down": {"uv": [2.5625, 6, 2.25, 6.3125], "texture": "#main"}
			}
		},
		{
			"from": [8.5, 2.35759, 5.56732],
			"to": [9.75, 4.15759, 6.76732],
			"rotation": {"angle": -22.5, "axis": "x", "origin": [9.125, 2.18259, 5.86732]},
			"faces": {
				"north": {"uv": [5.75, 4.5, 6.0625, 4.9375], "texture": "#main"},
				"east": {"uv": [5.75, 5, 6.0625, 5.4375], "texture": "#main"},
				"south": {"uv": [5.75, 5.5, 6.0625, 5.9375], "texture": "#main"},
				"west": {"uv": [6, 0, 6.3125, 0.4375], "texture": "#main"},
				"up": {"uv": [3.0625, 6.3125, 2.75, 6], "texture": "#main"},
				"down": {"uv": [6.3125, 2.75, 6, 3.0625], "texture": "#main"}
			}
		},
		{
			"from": [8.6, 1.6, 4.6],
			"to": [9.65, 3.15, 5.6],
			"rotation": {"angle": 22.5, "axis": "x", "origin": [9.125, 0.35, 5]},
			"faces": {
				"north": {"uv": [5.25, 6, 5.5, 6.375], "texture": "#main"},
				"east": {"uv": [5.5, 6, 5.75, 6.375], "texture": "#main"},
				"south": {"uv": [5.75, 6, 6, 6.375], "texture": "#main"},
				"west": {"uv": [6, 6, 6.25, 6.375], "texture": "#main"},
				"up": {"uv": [1.5, 6.5, 1.25, 6.25], "texture": "#main"},
				"down": {"uv": [6.5, 1.25, 6.25, 1.5], "texture": "#main"}
			}
		},
		{
			"from": [8.7, 0.55, 4.7],
			"to": [9.55, 1.6, 5.5],
			"rotation": {"angle": 22.5, "axis": "x", "origin": [9.125, 0.35, 5]},
			"faces": {
				"north": {"uv": [6.5, 2.25, 6.6875, 2.5], "texture": "#main"},
				"east": {"uv": [2.5, 6.5, 2.6875, 6.75], "texture": "#main"},
				"south": {"uv": [2.75, 6.5, 2.9375, 6.75], "texture": "#main"},
				"west": {"uv": [6.5, 2.75, 6.6875, 3], "texture": "#main"},
				"up": {"uv": [6.6875, 5.6875, 6.5, 5.5], "texture": "#main"},
				"down": {"uv": [5.9375, 6.5, 5.75, 6.6875], "texture": "#main"}
			}
		},
		{
			"from": [8.6, 0, 4.65],
			"to": [8.75, 0.2, 4.85],
			"rotation": {"angle": 0, "axis": "y", "origin": [9.6, 0, 3.85]},
			"faces": {
				"north": {"uv": [7.75, 4.25, 7.8125, 4.3125], "texture": "#main"},
				"east": {"uv": [4.5, 7.75, 4.5625, 7.8125], "texture": "#main"},
				"south": {"uv": [7.75, 4.5, 7.8125, 4.5625], "texture": "#main"},
				"west": {"uv": [4.75, 7.75, 4.8125, 7.8125], "texture": "#main"},
				"up": {"uv": [7.8125, 4.8125, 7.75, 4.75], "texture": "#main"},
				"down": {"uv": [5.0625, 7.75, 5, 7.8125], "texture": "#main"}
			}
		},
		{
			"from": [8.5, 0, 4.85],
			"to": [8.75, 0.4, 5.25],
			"rotation": {"angle": 0, "axis": "y", "origin": [9.5, 0, 4.25]},
			"faces": {
				"north": {"uv": [0.5, 7.5, 0.5625, 7.625], "texture": "#main"},
				"east": {"uv": [7.25, 2, 7.375, 2.125], "texture": "#main"},
				"south": {"uv": [7.5, 0.5, 7.5625, 0.625], "texture": "#main"},
				"west": {"uv": [2.25, 7.25, 2.375, 7.375], "texture": "#main"},
				"up": {"uv": [0.8125, 7.625, 0.75, 7.5], "texture": "#main"},
				"down": {"uv": [7.5625, 0.75, 7.5, 0.875], "texture": "#main"}
			}
		},
		{
			"from": [9.5, 0, 4.65],
			"to": [9.65, 0.2, 4.85],
			"rotation": {"angle": 0, "axis": "y", "origin": [10.5, 0, 3.85]},
			"faces": {
				"north": {"uv": [7.75, 5, 7.8125, 5.0625], "texture": "#main"},
				"east": {"uv": [5.25, 7.75, 5.3125, 7.8125], "texture": "#main"},
				"south": {"uv": [7.75, 5.25, 7.8125, 5.3125], "texture": "#main"},
				"west": {"uv": [5.5, 7.75, 5.5625, 7.8125], "texture": "#main"},
				"up": {"uv": [7.8125, 5.5625, 7.75, 5.5], "texture": "#main"},
				"down": {"uv": [5.8125, 7.75, 5.75, 7.8125], "texture": "#main"}
			}
		},
		{
			"from": [8.85, 0, 3.65],
			"to": [9.025, 0.2, 3.85],
			"rotation": {"angle": 0, "axis": "y", "origin": [9.4, 0, 3.1]},
			"faces": {
				"north": {"uv": [7.75, 5.75, 7.8125, 5.8125], "texture": "#main"},
				"east": {"uv": [6, 7.75, 6.0625, 7.8125], "texture": "#main"},
				"south": {"uv": [7.75, 6, 7.8125, 6.0625], "texture": "#main"},
				"west": {"uv": [6.25, 7.75, 6.3125, 7.8125], "texture": "#main"},
				"up": {"uv": [7.8125, 6.3125, 7.75, 6.25], "texture": "#main"},
				"down": {"uv": [6.5625, 7.75, 6.5, 7.8125], "texture": "#main"}
			}
		},
		{
			"from": [9.225, 0, 3.65],
			"to": [9.4, 0.2, 3.85],
			"rotation": {"angle": 0, "axis": "y", "origin": [9.75, 0, 3.1]},
			"faces": {
				"north": {"uv": [7.75, 6.5, 7.8125, 6.5625], "texture": "#main"},
				"east": {"uv": [6.75, 7.75, 6.8125, 7.8125], "texture": "#main"},
				"south": {"uv": [7.75, 6.75, 7.8125, 6.8125], "texture": "#main"},
				"west": {"uv": [7, 7.75, 7.0625, 7.8125], "texture": "#main"},
				"up": {"uv": [7.8125, 7.0625, 7.75, 7], "texture": "#main"},
				"down": {"uv": [7.3125, 7.75, 7.25, 7.8125], "texture": "#main"}
			}
		},
		{
			"from": [8.75, 0, 3.85],
			"to": [9.125, 0.4, 4.25],
			"rotation": {"angle": 0, "axis": "y", "origin": [9.4, 0, 3.5]},
			"faces": {
				"north": {"uv": [7.25, 2.25, 7.375, 2.375], "texture": "#main"},
				"east": {"uv": [2.5, 7.25, 2.625, 7.375], "texture": "#main"},
				"south": {"uv": [7.25, 2.5, 7.375, 2.625], "texture": "#main"},
				"west": {"uv": [2.75, 7.25, 2.875, 7.375], "texture": "#main"},
				"up": {"uv": [7.375, 2.875, 7.25, 2.75], "texture": "#main"},
				"down": {"uv": [3.125, 7.25, 3, 7.375], "texture": "#main"}
			}
		},
		{
			"from": [9.5, 0, 4.85],
			"to": [9.75, 0.4, 5.25],
			"rotation": {"angle": 0, "axis": "y", "origin": [10.5, 0, 4.25]},
			"faces": {
				"north": {"uv": [1, 7.5, 1.0625, 7.625], "texture": "#main"},
				"east": {"uv": [7.25, 3, 7.375, 3.125], "texture": "#main"},
				"south": {"uv": [7.5, 1, 7.5625, 1.125], "texture": "#main"},
				"west": {"uv": [3.25, 7.25, 3.375, 7.375], "texture": "#main"},
				"up": {"uv": [1.3125, 7.625, 1.25, 7.5], "texture": "#main"},
				"down": {"uv": [7.5625, 1.25, 7.5, 1.375], "texture": "#main"}
			}
		},
		{
			"from": [9.125, 0, 3.85],
			"to": [9.5, 0.4, 4.25],
			"rotation": {"angle": 0, "axis": "y", "origin": [9.75, 0, 3.5]},
			"faces": {
				"north": {"uv": [7.25, 3.25, 7.375, 3.375], "texture": "#main"},
				"east": {"uv": [3.5, 7.25, 3.625, 7.375], "texture": "#main"},
				"south": {"uv": [7.25, 3.5, 7.375, 3.625], "texture": "#main"},
				"west": {"uv": [3.75, 7.25, 3.875, 7.375], "texture": "#main"},
				"up": {"uv": [7.375, 3.875, 7.25, 3.75], "texture": "#main"},
				"down": {"uv": [4.125, 7.25, 4, 7.375], "texture": "#main"}
			}
		},
		{
			"from": [8.75, 0, 4.25],
			"to": [9.5, 0.7, 5.5],
			"rotation": {"angle": 0, "axis": "y", "origin": [9.75, 0, 4.5]},
			"faces": {
				"north": {"uv": [6.5, 5.75, 6.6875, 5.9375], "texture": "#main"},
				"east": {"uv": [6.25, 6.25, 6.5625, 6.4375], "texture": "#main"},
				"south": {"uv": [6, 6.5, 6.1875, 6.6875], "texture": "#main"},
				"west": {"uv": [6.5, 0, 6.8125, 0.1875], "texture": "#main"},
				"up": {"uv": [6.6875, 0.5625, 6.5, 0.25], "texture": "#main"},
				"down": {"uv": [0.6875, 6.5, 0.5, 6.8125], "texture": "#main"}
			}
		},
		{
			"from": [6.25, 2.00759, 10.46732],
			"to": [7.5, 4.55759, 12.16732],
			"rotation": {"angle": -22.5, "axis": "x", "origin": [6.875, 2.18259, 11.61732]},
			"faces": {
				"north": {"uv": [5.25, 4, 5.5625, 4.625], "texture": "#main"},
				"east": {"uv": [2.5, 4.75, 2.9375, 5.375], "texture": "#main"},
				"south": {"uv": [5.25, 4.75, 5.5625, 5.375], "texture": "#main"},
				"west": {"uv": [3, 4.75, 3.4375, 5.375], "texture": "#main"},
				"up": {"uv": [0.3125, 6.1875, 0, 5.75], "texture": "#main"},
				"down": {"uv": [0.8125, 5.75, 0.5, 6.1875], "texture": "#main"}
			}
		},
		{
			"from": [6.35, 1.1, 10.35],
			"to": [7.4, 2.65, 11.35],
			"rotation": {"angle": 22.5, "axis": "x", "origin": [6.875, 0.35, 10.75]},
			"faces": {
				"north": {"uv": [6, 3.25, 6.25, 3.625], "texture": "#main"},
				"east": {"uv": [3.5, 6, 3.75, 6.375], "texture": "#main"},
				"south": {"uv": [3.75, 6, 4, 6.375], "texture": "#main"},
				"west": {"uv": [4, 6, 4.25, 6.375], "texture": "#main"},
				"up": {"uv": [5.75, 1.5, 5.5, 1.25], "texture": "#main"},
				"down": {"uv": [6, 1.75, 5.75, 2], "texture": "#main"}
			}
		},
		{
			"from": [6.45, 0.55, 10.45],
			"to": [7.3, 1.1, 11.25],
			"rotation": {"angle": 22.5, "axis": "x", "origin": [6.875, 0.35, 10.75]},
			"faces": {
				"north": {"uv": [6.5, 6, 6.6875, 6.125], "texture": "#main"},
				"east": {"uv": [6.25, 6.5, 6.4375, 6.625], "texture": "#main"},
				"south": {"uv": [6.5, 6.5, 6.6875, 6.625], "texture": "#main"},
				"west": {"uv": [6.75, 0.25, 6.9375, 0.375], "texture": "#main"},
				"up": {"uv": [4.6875, 6.6875, 4.5, 6.5], "texture": "#main"},
				"down": {"uv": [6.6875, 4.5, 6.5, 4.6875], "texture": "#main"}
			}
		},
		{
			"from": [7.25, 0, 10.4],
			"to": [7.4, 0.2, 10.6],
			"rotation": {"angle": 0, "axis": "y", "origin": [6.4, 0, 9.6]},
			"faces": {
				"north": {"uv": [6, 7.5, 6.0625, 7.5625], "texture": "#main"},
				"east": {"uv": [7.5, 6, 7.5625, 6.0625], "texture": "#main"},
				"south": {"uv": [6.25, 7.5, 6.3125, 7.5625], "texture": "#main"},
				"west": {"uv": [7.5, 6.25, 7.5625, 6.3125], "texture": "#main"},
				"up": {"uv": [6.5625, 7.5625, 6.5, 7.5], "texture": "#main"},
				"down": {"uv": [7.5625, 6.5, 7.5, 6.5625], "texture": "#main"}
			}
		},
		{
			"from": [7.25, 0, 10.6],
			"to": [7.5, 0.4, 11],
			"rotation": {"angle": 0, "axis": "y", "origin": [6.5, 0, 10]},
			"faces": {
				"north": {"uv": [7.25, 5.75, 7.3125, 5.875], "texture": "#main"},
				"east": {"uv": [3.75, 7, 3.875, 7.125], "texture": "#main"},
				"south": {"uv": [6, 7.25, 6.0625, 7.375], "texture": "#main"},
				"west": {"uv": [7, 3.75, 7.125, 3.875], "texture": "#main"},
				"up": {"uv": [7.3125, 6.125, 7.25, 6], "texture": "#main"},
				"down": {"uv": [6.3125, 7.25, 6.25, 7.375], "texture": "#main"}
			}
		},
		{
			"from": [6.35, 0, 10.4],
			"to": [6.5, 0.2, 10.6],
			"rotation": {"angle": 0, "axis": "y", "origin": [5.5, 0, 9.6]},
			"faces": {
				"north": {"uv": [6.75, 7.5, 6.8125, 7.5625], "texture": "#main"},
				"east": {"uv": [7.5, 6.75, 7.5625, 6.8125], "texture": "#main"},
				"south": {"uv": [7, 7.5, 7.0625, 7.5625], "texture": "#main"},
				"west": {"uv": [7.5, 7, 7.5625, 7.0625], "texture": "#main"},
				"up": {"uv": [7.3125, 7.5625, 7.25, 7.5], "texture": "#main"},
				"down": {"uv": [7.5625, 7.25, 7.5, 7.3125], "texture": "#main"}
			}
		},
		{
			"from": [6.975, 0, 9.4],
			"to": [7.15, 0.2, 9.6],
			"rotation": {"angle": 0, "axis": "y", "origin": [6.6, 0, 8.85]},
			"faces": {
				"north": {"uv": [7.5, 7.5, 7.5625, 7.5625], "texture": "#main"},
				"east": {"uv": [0, 7.75, 0.0625, 7.8125], "texture": "#main"},
				"south": {"uv": [7.75, 0, 7.8125, 0.0625], "texture": "#main"},
				"west": {"uv": [0.25, 7.75, 0.3125, 7.8125], "texture": "#main"},
				"up": {"uv": [7.8125, 0.3125, 7.75, 0.25], "texture": "#main"},
				"down": {"uv": [0.5625, 7.75, 0.5, 7.8125], "texture": "#main"}
			}
		},
		{
			"from": [6.6, 0, 9.4],
			"to": [6.775, 0.2, 9.6],
			"rotation": {"angle": 0, "axis": "y", "origin": [6.25, 0, 8.85]},
			"faces": {
				"north": {"uv": [7.75, 0.5, 7.8125, 0.5625], "texture": "#main"},
				"east": {"uv": [0.75, 7.75, 0.8125, 7.8125], "texture": "#main"},
				"south": {"uv": [7.75, 0.75, 7.8125, 0.8125], "texture": "#main"},
				"west": {"uv": [1, 7.75, 1.0625, 7.8125], "texture": "#main"},
				"up": {"uv": [7.8125, 1.0625, 7.75, 1], "texture": "#main"},
				"down": {"uv": [1.3125, 7.75, 1.25, 7.8125], "texture": "#main"}
			}
		},
		{
			"from": [6.875, 0, 9.6],
			"to": [7.25, 0.4, 10],
			"rotation": {"angle": 0, "axis": "y", "origin": [6.6, 0, 9.25]},
			"faces": {
				"north": {"uv": [4, 7, 4.125, 7.125], "texture": "#main"},
				"east": {"uv": [7, 4, 7.125, 4.125], "texture": "#main"},
				"south": {"uv": [4.25, 7, 4.375, 7.125], "texture": "#main"},
				"west": {"uv": [7, 4.25, 7.125, 4.375], "texture": "#main"},
				"up": {"uv": [7.125, 4.625, 7, 4.5], "texture": "#main"},
				"down": {"uv": [7.125, 4.75, 7, 4.875], "texture": "#main"}
			}
		},
		{
			"from": [6.25, 0, 10.6],
			"to": [6.5, 0.4, 11],
			"rotation": {"angle": 0, "axis": "y", "origin": [5.5, 0, 10]},
			"faces": {
				"north": {"uv": [7.25, 6.25, 7.3125, 6.375], "texture": "#main"},
				"east": {"uv": [7, 5, 7.125, 5.125], "texture": "#main"},
				"south": {"uv": [6.5, 7.25, 6.5625, 7.375], "texture": "#main"},
				"west": {"uv": [7, 5.25, 7.125, 5.375], "texture": "#main"},
				"up": {"uv": [7.3125, 6.625, 7.25, 6.5], "texture": "#main"},
				"down": {"uv": [6.8125, 7.25, 6.75, 7.375], "texture": "#main"}
			}
		},
		{
			"from": [6.5, 0, 9.6],
			"to": [6.875, 0.4, 10],
			"rotation": {"angle": 0, "axis": "y", "origin": [6.25, 0, 9.25]},
			"faces": {
				"north": {"uv": [7, 5.5, 7.125, 5.625], "texture": "#main"},
				"east": {"uv": [7, 5.75, 7.125, 5.875], "texture": "#main"},
				"south": {"uv": [7, 6, 7.125, 6.125], "texture": "#main"},
				"west": {"uv": [7, 6.25, 7.125, 6.375], "texture": "#main"},
				"up": {"uv": [7.125, 6.625, 7, 6.5], "texture": "#main"},
				"down": {"uv": [6.875, 7, 6.75, 7.125], "texture": "#main"}
			}
		},
		{
			"from": [6.5, 0, 10],
			"to": [7.25, 0.7, 11.25],
			"rotation": {"angle": 0, "axis": "y", "origin": [6.25, 0, 10.25]},
			"faces": {
				"north": {"uv": [4.75, 6.5, 4.9375, 6.6875], "texture": "#main"},
				"east": {"uv": [6.25, 2.5, 6.5625, 2.6875], "texture": "#main"},
				"south": {"uv": [6.5, 4.75, 6.6875, 4.9375], "texture": "#main"},
				"west": {"uv": [6.25, 3.25, 6.5625, 3.4375], "texture": "#main"},
				"up": {"uv": [6.4375, 4.3125, 6.25, 4], "texture": "#main"},
				"down": {"uv": [6.4375, 4.5, 6.25, 4.8125], "texture": "#main"}
			}
		},
		{
			"from": [8.75, 0, 10],
			"to": [9.5, 0.7, 11.25],
			"rotation": {"angle": 0, "axis": "y", "origin": [9.75, 0, 10.25]},
			"faces": {
				"north": {"uv": [5, 6.5, 5.1875, 6.6875], "texture": "#main"},
				"east": {"uv": [6.25, 3.5, 6.5625, 3.6875], "texture": "#main"},
				"south": {"uv": [5.25, 6.5, 5.4375, 6.6875], "texture": "#main"},
				"west": {"uv": [6.25, 5, 6.5625, 5.1875], "texture": "#main"},
				"up": {"uv": [6.4375, 5.5625, 6.25, 5.25], "texture": "#main"},
				"down": {"uv": [6.4375, 5.75, 6.25, 6.0625], "texture": "#main"}
			}
		},
		{
			"from": [9.125, 0, 9.6],
			"to": [9.5, 0.4, 10],
			"rotation": {"angle": 0, "axis": "y", "origin": [9.75, 0, 9.25]},
			"faces": {
				"north": {"uv": [7, 6.75, 7.125, 6.875], "texture": "#main"},
				"east": {"uv": [7, 7, 7.125, 7.125], "texture": "#main"},
				"south": {"uv": [7.25, 0, 7.375, 0.125], "texture": "#main"},
				"west": {"uv": [7.25, 0.25, 7.375, 0.375], "texture": "#main"},
				"up": {"uv": [7.375, 0.625, 7.25, 0.5], "texture": "#main"},
				"down": {"uv": [0.875, 7.25, 0.75, 7.375], "texture": "#main"}
			}
		},
		{
			"from": [9.5, 0, 10.6],
			"to": [9.75, 0.4, 11],
			"rotation": {"angle": 0, "axis": "y", "origin": [10.5, 0, 10]},
			"faces": {
				"north": {"uv": [7.25, 6.75, 7.3125, 6.875], "texture": "#main"},
				"east": {"uv": [7.25, 0.75, 7.375, 0.875], "texture": "#main"},
				"south": {"uv": [7, 7.25, 7.0625, 7.375], "texture": "#main"},
				"west": {"uv": [1, 7.25, 1.125, 7.375], "texture": "#main"},
				"up": {"uv": [7.3125, 7.125, 7.25, 7], "texture": "#main"},
				"down": {"uv": [7.3125, 7.25, 7.25, 7.375], "texture": "#main"}
			}
		},
		{
			"from": [8.75, 0, 9.6],
			"to": [9.125, 0.4, 10],
			"rotation": {"angle": 0, "axis": "y", "origin": [9.4, 0, 9.25]},
			"faces": {
				"north": {"uv": [7.25, 1, 7.375, 1.125], "texture": "#main"},
				"east": {"uv": [1.25, 7.25, 1.375, 7.375], "texture": "#main"},
				"south": {"uv": [7.25, 1.25, 7.375, 1.375], "texture": "#main"},
				"west": {"uv": [1.5, 7.25, 1.625, 7.375], "texture": "#main"},
				"up": {"uv": [7.375, 1.625, 7.25, 1.5], "texture": "#main"},
				"down": {"uv": [1.875, 7.25, 1.75, 7.375], "texture": "#main"}
			}
		},
		{
			"from": [9.225, 0, 9.4],
			"to": [9.4, 0.2, 9.6],
			"rotation": {"angle": 0, "axis": "y", "origin": [9.75, 0, 8.85]},
			"faces": {
				"north": {"uv": [7.75, 1.25, 7.8125, 1.3125], "texture": "#main"},
				"east": {"uv": [1.5, 7.75, 1.5625, 7.8125], "texture": "#main"},
				"south": {"uv": [7.75, 1.5, 7.8125, 1.5625], "texture": "#main"},
				"west": {"uv": [1.75, 7.75, 1.8125, 7.8125], "texture": "#main"},
				"up": {"uv": [7.8125, 1.8125, 7.75, 1.75], "texture": "#main"},
				"down": {"uv": [2.0625, 7.75, 2, 7.8125], "texture": "#main"}
			}
		},
		{
			"from": [8.85, 0, 9.4],
			"to": [9.025, 0.2, 9.6],
			"rotation": {"angle": 0, "axis": "y", "origin": [9.4, 0, 8.85]},
			"faces": {
				"north": {"uv": [7.75, 2, 7.8125, 2.0625], "texture": "#main"},
				"east": {"uv": [2.25, 7.75, 2.3125, 7.8125], "texture": "#main"},
				"south": {"uv": [7.75, 2.25, 7.8125, 2.3125], "texture": "#main"},
				"west": {"uv": [2.5, 7.75, 2.5625, 7.8125], "texture": "#main"},
				"up": {"uv": [7.8125, 2.5625, 7.75, 2.5], "texture": "#main"},
				"down": {"uv": [2.8125, 7.75, 2.75, 7.8125], "texture": "#main"}
			}
		},
		{
			"from": [9.5, 0, 10.4],
			"to": [9.65, 0.2, 10.6],
			"rotation": {"angle": 0, "axis": "y", "origin": [10.5, 0, 9.6]},
			"faces": {
				"north": {"uv": [7.75, 2.75, 7.8125, 2.8125], "texture": "#main"},
				"east": {"uv": [3, 7.75, 3.0625, 7.8125], "texture": "#main"},
				"south": {"uv": [7.75, 3, 7.8125, 3.0625], "texture": "#main"},
				"west": {"uv": [3.25, 7.75, 3.3125, 7.8125], "texture": "#main"},
				"up": {"uv": [7.8125, 3.3125, 7.75, 3.25], "texture": "#main"},
				"down": {"uv": [3.5625, 7.75, 3.5, 7.8125], "texture": "#main"}
			}
		},
		{
			"from": [8.5, 0, 10.6],
			"to": [8.75, 0.4, 11],
			"rotation": {"angle": 0, "axis": "y", "origin": [9.5, 0, 10]},
			"faces": {
				"north": {"uv": [0, 7.5, 0.0625, 7.625], "texture": "#main"},
				"east": {"uv": [7.25, 1.75, 7.375, 1.875], "texture": "#main"},
				"south": {"uv": [7.5, 0, 7.5625, 0.125], "texture": "#main"},
				"west": {"uv": [2, 7.25, 2.125, 7.375], "texture": "#main"},
				"up": {"uv": [0.3125, 7.625, 0.25, 7.5], "texture": "#main"},
				"down": {"uv": [7.5625, 0.25, 7.5, 0.375], "texture": "#main"}
			}
		},
		{
			"from": [8.6, 0, 10.4],
			"to": [8.75, 0.2, 10.6],
			"rotation": {"angle": 0, "axis": "y", "origin": [9.6, 0, 9.6]},
			"faces": {
				"north": {"uv": [7.75, 3.5, 7.8125, 3.5625], "texture": "#main"},
				"east": {"uv": [3.75, 7.75, 3.8125, 7.8125], "texture": "#main"},
				"south": {"uv": [7.75, 3.75, 7.8125, 3.8125], "texture": "#main"},
				"west": {"uv": [4, 7.75, 4.0625, 7.8125], "texture": "#main"},
				"up": {"uv": [7.8125, 4.0625, 7.75, 4], "texture": "#main"},
				"down": {"uv": [4.3125, 7.75, 4.25, 7.8125], "texture": "#main"}
			}
		},
		{
			"from": [8.7, 0.55, 10.45],
			"to": [9.55, 1.1, 11.25],
			"rotation": {"angle": 22.5, "axis": "x", "origin": [9.125, 0.35, 10.75]},
			"faces": {
				"north": {"uv": [6.75, 0.5, 6.9375, 0.625], "texture": "#main"},
				"east": {"uv": [6.75, 0.75, 6.9375, 0.875], "texture": "#main"},
				"south": {"uv": [1, 6.75, 1.1875, 6.875], "texture": "#main"},
				"west": {"uv": [6.75, 1, 6.9375, 1.125], "texture": "#main"},
				"up": {"uv": [6.6875, 5.4375, 6.5, 5.25], "texture": "#main"},
				"down": {"uv": [5.6875, 6.5, 5.5, 6.6875], "texture": "#main"}
			}
		},
		{
			"from": [8.6, 1.1, 10.35],
			"to": [9.65, 2.65, 11.35],
			"rotation": {"angle": 22.5, "axis": "x", "origin": [9.125, 0.35, 10.75]},
			"faces": {
				"north": {"uv": [4.25, 6, 4.5, 6.375], "texture": "#main"},
				"east": {"uv": [4.5, 6, 4.75, 6.375], "texture": "#main"},
				"south": {"uv": [4.75, 6, 5, 6.375], "texture": "#main"},
				"west": {"uv": [5, 6, 5.25, 6.375], "texture": "#main"},
				"up": {"uv": [0.75, 6.5, 0.5, 6.25], "texture": "#main"},
				"down": {"uv": [1, 6.25, 0.75, 6.5], "texture": "#main"}
			}
		},
		{
			"from": [8.5, 2.00759, 10.46732],
			"to": [9.75, 4.55759, 12.16732],
			"rotation": {"angle": -22.5, "axis": "x", "origin": [9.125, 2.18259, 11.61732]},
			"faces": {
				"north": {"uv": [5.5, 0.5, 5.8125, 1.125], "texture": "#main"},
				"east": {"uv": [4.75, 4, 5.1875, 4.625], "texture": "#main"},
				"south": {"uv": [1.25, 5.5, 1.5625, 6.125], "texture": "#main"},
				"west": {"uv": [4.75, 4.75, 5.1875, 5.375], "texture": "#main"},
				"up": {"uv": [6.0625, 1.6875, 5.75, 1.25], "texture": "#main"},
				"down": {"uv": [6.0625, 4, 5.75, 4.4375], "texture": "#main"}
			}
		},
		{
			"from": [7.75, 2.7, 11.45],
			"to": [8.25, 5.95, 11.95],
			"rotation": {"angle": -22.5, "axis": "x", "origin": [8, 5.25, 13]},
			"faces": {
				"north": {"uv": [1, 5.75, 1.125, 6.5625], "texture": "#main"},
				"east": {"uv": [1.75, 6, 1.875, 6.8125], "texture": "#main"},
				"south": {"uv": [6, 1.75, 6.125, 2.5625], "texture": "#main"},
				"west": {"uv": [2, 6, 2.125, 6.8125], "texture": "#main"},
				"up": {"uv": [7.375, 4.125, 7.25, 4], "texture": "#main"},
				"down": {"uv": [4.375, 7.25, 4.25, 7.375], "texture": "#main"}
			}
		},
		{
			"from": [7.8, 2.59792, 13.12794],
			"to": [8.2, 2.99792, 15.37794],
			"rotation": {"angle": 22.5, "axis": "x", "origin": [8, 3.89792, 12.15294]},
			"faces": {
				"north": {"uv": [7.25, 4.25, 7.375, 4.375], "texture": "#main"},
				"east": {"uv": [4.25, 2.75, 4.8125, 2.875], "texture": "#main"},
				"south": {"uv": [4.5, 7.25, 4.625, 7.375], "texture": "#main"},
				"west": {"uv": [6, 1, 6.5625, 1.125], "texture": "#main"},
				"up": {"uv": [0.125, 6.8125, 0, 6.25], "texture": "#main"},
				"down": {"uv": [0.375, 6.25, 0.25, 6.8125], "texture": "#main"}
			}
		},
		{
			"from": [7.85, 1.17802, 14.29713],
			"to": [8.15, 1.47802, 15.79713],
			"rotation": {"angle": -22.5, "axis": "x", "origin": [8, 2.07802, 13.67213]},
			"faces": {
				"north": {"uv": [7.75, 7.25, 7.8125, 7.3125], "texture": "#main"},
				"east": {"uv": [6.75, 1.25, 7.125, 1.3125], "texture": "#main"},
				"south": {"uv": [7.5, 7.75, 7.5625, 7.8125], "texture": "#main"},
				"west": {"uv": [6.75, 1.5, 7.125, 1.5625], "texture": "#main"},
				"up": {"uv": [1.5625, 7.125, 1.5, 6.75], "texture": "#main"},
				"down": {"uv": [6.8125, 1.75, 6.75, 2.125], "texture": "#main"}
			}
		},
		{
			"from": [7.75, 1.07802, 15.79713],
			"to": [8.25, 1.57802, 16.44713],
			"rotation": {"angle": -22.5, "axis": "x", "origin": [8, 2.07802, 13.67213]},
			"faces": {
				"north": {"uv": [7.25, 4.5, 7.375, 4.625], "texture": "#main"},
				"east": {"uv": [2.25, 6.75, 2.4375, 6.875], "texture": "#main"},
				"south": {"uv": [4.75, 7.25, 4.875, 7.375], "texture": "#main"},
				"west": {"uv": [6.75, 2.25, 6.9375, 2.375], "texture": "#main"},
				"up": {"uv": [2.625, 6.9375, 2.5, 6.75], "texture": "#main"},
				"down": {"uv": [6.875, 2.5, 6.75, 2.6875], "texture": "#main"}
			}
		},
		{
			"from": [7.85, 1.17802, 16.44713],
			"to": [8.15, 1.47802, 16.54713],
			"rotation": {"angle": -22.5, "axis": "x", "origin": [8, 2.07802, 13.67213]},
			"faces": {
				"north": {"uv": [7.75, 7.5, 7.8125, 7.5625], "texture": "#main"},
				"east": {"uv": [7.75, 7.75, 7.8125, 7.8125], "texture": "#main"},
				"south": {"uv": [0, 8, 0.0625, 8.0625], "texture": "#main"},
				"west": {"uv": [8, 0, 8.0625, 0.0625], "texture": "#main"},
				"up": {"uv": [0.3125, 8.0625, 0.25, 8], "texture": "#main"},
				"down": {"uv": [8.0625, 0.25, 8, 0.3125], "texture": "#main"}
			}
		},
		{
			"from": [6.5, 3, 9.25],
			"to": [9.5, 5.5, 11.75],
			"rotation": {"angle": 0, "axis": "y", "origin": [8.5, 0, 7.5]},
			"faces": {
				"north": {"uv": [2, 1.75, 2.75, 2.375], "texture": "#main"},
				"east": {"uv": [0, 3.75, 0.625, 4.375], "texture": "#main"},
				"south": {"uv": [2, 2.5, 2.75, 3.125], "texture": "#main"},
				"west": {"uv": [3.75, 0, 4.375, 0.625], "texture": "#main"},
				"up": {"uv": [1.75, 3.375, 1, 2.75], "texture": "#main"},
				"down": {"uv": [3.5, 1.75, 2.75, 2.375], "texture": "#main"}
			}
		},
		{
			"from": [6.5, 3, 6.75],
			"to": [9.5, 5.25, 9.25],
			"rotation": {"angle": 0, "axis": "y", "origin": [8.5, 0, 7.5]},
			"faces": {
				"north": {"uv": [3.5, 1.5, 4.25, 2.0625], "texture": "#main"},
				"east": {"uv": [0.75, 4.25, 1.375, 4.8125], "texture": "#main"},
				"south": {"uv": [3.5, 2.25, 4.25, 2.8125], "texture": "#main"},
				"west": {"uv": [4.25, 2, 4.875, 2.5625], "texture": "#main"},
				"up": {"uv": [3.5, 3.125, 2.75, 2.5], "texture": "#main"},
				"down": {"uv": [0.75, 3, 0, 3.625], "texture": "#main"}
			}
		},
		{
			"from": [6.5, 3, 4.25],
			"to": [9.5, 5.5, 6.75],
			"rotation": {"angle": 0, "axis": "y", "origin": [7.5, 0, 7.5]},
			"faces": {
				"north": {"uv": [3, 0, 3.75, 0.625], "texture": "#main"},
				"east": {"uv": [3.75, 0.75, 4.375, 1.375], "texture": "#main"},
				"south": {"uv": [3, 0.75, 3.75, 1.375], "texture": "#main"},
				"west": {"uv": [1.5, 4, 2.125, 4.625], "texture": "#main"},
				"up": {"uv": [2.5, 3.875, 1.75, 3.25], "texture": "#main"},
				"down": {"uv": [3.25, 3.25, 2.5, 3.875], "texture": "#main"}
			}
		},
		{
			"from": [7.2, 2.85, 6.75],
			"to": [8.8, 3, 8.15],
			"rotation": {"angle": 0, "axis": "y", "origin": [7.5, 0, 7.5]},
			"faces": {
				"north": {"uv": [6.75, 2.75, 7.125, 2.8125], "texture": "#main"},
				"east": {"uv": [6.75, 3.25, 7.125, 3.3125], "texture": "#main"},
				"south": {"uv": [6.75, 3.5, 7.125, 3.5625], "texture": "#main"},
				"west": {"uv": [4, 6.75, 4.375, 6.8125], "texture": "#main"},
				"up": {"uv": [5.875, 3.375, 5.5, 3], "texture": "#main"},
				"down": {"uv": [3.625, 5.5, 3.25, 5.875], "texture": "#main"}
			}
		},
		{
			"from": [6.35, 2.75, 4.1],
			"to": [9.65, 4, 6.75],
			"rotation": {"angle": 0, "axis": "y", "origin": [7.5, 0, 7.5]},
			"faces": {
				"north": {"uv": [5, 2, 5.8125, 2.3125], "texture": "#main"},
				"east": {"uv": [0, 5.25, 0.6875, 5.5625], "texture": "#main"},
				"south": {"uv": [5, 2.5, 5.8125, 2.8125], "texture": "#main"},
				"west": {"uv": [5.25, 0, 5.9375, 0.3125], "texture": "#main"},
				"up": {"uv": [1.8125, 2.6875, 1, 2], "texture": "#main"},
				"down": {"uv": [2.8125, 1, 2, 1.6875], "texture": "#main"}
			}
		},
		{
			"from": [6.35, 4, 4.1],
			"to": [9.65, 5.65, 5],
			"rotation": {"angle": 0, "axis": "y", "origin": [7.5, 0, 7.5]},
			"faces": {
				"north": {"uv": [3.75, 4, 4.5625, 4.4375], "texture": "#main"},
				"east": {"uv": [1.75, 2.75, 2, 3.1875], "texture": "#main"},
				"south": {"uv": [4.25, 1.5, 5.0625, 1.9375], "texture": "#main"},
				"west": {"uv": [0.75, 3, 1, 3.4375], "texture": "#main"},
				"up": {"uv": [5.3125, 1.5, 4.5, 1.25], "texture": "#main"},
				"down": {"uv": [5.8125, 3.75, 5, 4], "texture": "#main"}
			}
		},
		{
			"from": [7, 4.4, 2.85],
			"to": [9, 6.75, 4.65],
			"rotation": {"angle": -45, "axis": "x", "origin": [8, 6, 4]},
			"faces": {
				"north": {"uv": [1.5, 4.75, 2, 5.3125], "texture": "#main"},
				"east": {"uv": [0.75, 5, 1.1875, 5.5625], "texture": "#main"},
				"south": {"uv": [2, 4.75, 2.5, 5.3125], "texture": "#main"},
				"west": {"uv": [5, 3, 5.4375, 3.5625], "texture": "#main"},
				"up": {"uv": [4, 5.4375, 3.5, 5], "texture": "#main"},
				"down": {"uv": [4.5, 5, 4, 5.4375], "texture": "#main"}
			}
		},
		{
			"from": [6.25, 3.9, 2.35],
			"to": [9.75, 7.15, 5.65],
			"rotation": {"angle": -45, "axis": "x", "origin": [8, 6, 4]},
			"faces": {
				"north": {"uv": [0, 0, 0.875, 0.8125], "texture": "#main"},
				"east": {"uv": [0, 2, 0.8125, 2.8125], "texture": "#main"},
				"south": {"uv": [0, 1, 0.875, 1.8125], "texture": "#main"},
				"west": {"uv": [2, 0, 2.8125, 0.8125], "texture": "#main"},
				"up": {"uv": [1.875, 0.8125, 1, 0], "texture": "#main"},
				"down": {"uv": [1.875, 1, 1, 1.8125], "texture": "#main"}
			}
		},
		{
			"from": [6.3, 6.6, 2.5],
			"to": [9.7, 8.05, 4.35],
			"rotation": {"angle": 0, "axis": "y", "origin": [7.5, 0, 0]},
			"faces": {
				"north": {"uv": [4.5, 0.75, 5.375, 1.125], "texture": "#main"},
				"east": {"uv": [5.25, 1.5, 5.6875, 1.875], "texture": "#main"},
				"south": {"uv": [3.75, 4.5, 4.625, 4.875], "texture": "#main"},
				"west": {"uv": [1.75, 5.5, 2.1875, 5.875], "texture": "#main"},
				"up": {"uv": [4.875, 3.4375, 4, 3], "texture": "#main"},
				"down": {"uv": [4.875, 3.5, 4, 3.9375], "texture": "#main"}
			}
		},
		{
			"from": [6.75, 5.25, 1.25],
			"to": [9.25, 7.5, 4],
			"rotation": {"angle": 0, "axis": "y", "origin": [7.5, 0, 0]},
			"faces": {
				"north": {"uv": [0, 4.5, 0.625, 5.0625], "texture": "#main"},
				"east": {"uv": [2.25, 4, 2.9375, 4.5625], "texture": "#main"},
				"south": {"uv": [4.5, 0, 5.125, 0.5625], "texture": "#main"},
				"west": {"uv": [3, 4, 3.6875, 4.5625], "texture": "#main"},
				"up": {"uv": [3.875, 3.9375, 3.25, 3.25], "texture": "#main"},
				"down": {"uv": [1.375, 3.5, 0.75, 4.1875], "texture": "#main"}
			}
		},
		{
			"from": [7, 5.25, 0.5],
			"to": [9, 6.5, 1.25],
			"rotation": {"angle": 0, "axis": "y", "origin": [7.5, 0, 0]},
			"faces": {
				"north": {"uv": [2.25, 5.5, 2.75, 5.8125], "texture": "#main"},
				"east": {"uv": [0.75, 6.5, 0.9375, 6.8125], "texture": "#main"},
				"south": {"uv": [2.75, 5.5, 3.25, 5.8125], "texture": "#main"},
				"west": {"uv": [1.25, 6.5, 1.4375, 6.8125], "texture": "#main"},
				"up": {"uv": [3.5, 1.6875, 3, 1.5], "texture": "#main"},
				"down": {"uv": [4, 3, 3.5, 3.1875], "texture": "#main"}
			}
		},
		{
			"from": [7.3, 7.5, 1.85],
			"to": [8.7, 8.05, 2.5],
			"rotation": {"angle": 0, "axis": "y", "origin": [7.5, 0, 0]},
			"faces": {
				"north": {"uv": [6.5, 3, 6.875, 3.125], "texture": "#main"},
				"east": {"uv": [7, 0.5, 7.1875, 0.625], "texture": "#main"},
				"south": {"uv": [6.5, 3.75, 6.875, 3.875], "texture": "#main"},
				"west": {"uv": [0.75, 7, 0.9375, 7.125], "texture": "#main"},
				"up": {"uv": [5.875, 3.6875, 5.5, 3.5], "texture": "#main"},
				"down": {"uv": [6.375, 3.75, 6, 3.9375], "texture": "#main"}
			}
		},
		{
			"from": [6.75, 7, 2.75],
			"to": [7.1, 8.45, 3.1],
			"rotation": {"angle": 22.5, "axis": "z", "origin": [7, 8.225, 2.05]},
			"faces": {
				"north": {"uv": [2.75, 6.75, 2.8125, 7.125], "texture": "#main"},
				"east": {"uv": [6.75, 4, 6.8125, 4.375], "texture": "#main"},
				"south": {"uv": [4.5, 6.75, 4.5625, 7.125], "texture": "#main"},
				"west": {"uv": [6.75, 4.5, 6.8125, 4.875], "texture": "#main"},
				"up": {"uv": [0.5625, 8.0625, 0.5, 8], "texture": "#main"},
				"down": {"uv": [8.0625, 0.5, 8, 0.5625], "texture": "#main"}
			}
		},
		{
			"from": [5.9, 7, 2.75],
			"to": [6.25, 8.45, 3.1],
			"rotation": {"angle": 22.5, "axis": "z", "origin": [7, 8.225, 2.05]},
			"faces": {
				"north": {"uv": [4.75, 6.75, 4.8125, 7.125], "texture": "#main"},
				"east": {"uv": [5, 6.75, 5.0625, 7.125], "texture": "#main"},
				"south": {"uv": [6.75, 5, 6.8125, 5.375], "texture": "#main"},
				"west": {"uv": [5.25, 6.75, 5.3125, 7.125], "texture": "#main"},
				"up": {"uv": [0.8125, 8.0625, 0.75, 8], "texture": "#main"},
				"down": {"uv": [8.0625, 0.75, 8, 0.8125], "texture": "#main"}
			}
		},
		{
			"from": [6.25, 8.45, 2.75],
			"to": [6.75, 8.8, 3.1],
			"rotation": {"angle": 22.5, "axis": "z", "origin": [7, 8.225, 2.05]},
			"faces": {
				"north": {"uv": [1.5, 7.5, 1.625, 7.5625], "texture": "#main"},
				"east": {"uv": [1, 8, 1.0625, 8.0625], "texture": "#main"},
				"south": {"uv": [7.5, 1.5, 7.625, 1.5625], "texture": "#main"},
				"west": {"uv": [8, 1, 8.0625, 1.0625], "texture": "#main"},
				"up": {"uv": [1.875, 7.5625, 1.75, 7.5], "texture": "#main"},
				"down": {"uv": [7.625, 1.75, 7.5, 1.8125], "texture": "#main"}
			}
		},
		{
			"from": [6.25, 7, 3],
			"to": [6.75, 8.45, 3.35],
			"rotation": {"angle": 22.5, "axis": "z", "origin": [7, 8.225, 2.05]},
			"faces": {
				"north": {"uv": [3, 6.5, 3.125, 6.875], "texture": "#main"},
				"east": {"uv": [5.5, 6.75, 5.5625, 7.125], "texture": "#main"},
				"south": {"uv": [3.25, 6.5, 3.375, 6.875], "texture": "#main"},
				"west": {"uv": [6.75, 5.5, 6.8125, 5.875], "texture": "#main"},
				"up": {"uv": [2.125, 7.5625, 2, 7.5], "texture": "#main"},
				"down": {"uv": [7.625, 2, 7.5, 2.0625], "texture": "#main"}
			}
		},
		{
			"from": [9.25, 8.45, 2.75],
			"to": [9.75, 8.8, 3.1],
			"rotation": {"angle": -22.5, "axis": "z", "origin": [9, 8.225, 2.05]},
			"faces": {
				"north": {"uv": [2.25, 7.5, 2.375, 7.5625], "texture": "#main"},
				"east": {"uv": [1.25, 8, 1.3125, 8.0625], "texture": "#main"},
				"south": {"uv": [7.5, 2.25, 7.625, 2.3125], "texture": "#main"},
				"west": {"uv": [8, 1.25, 8.0625, 1.3125], "texture": "#main"},
				"up": {"uv": [2.625, 7.5625, 2.5, 7.5], "texture": "#main"},
				"down": {"uv": [7.625, 2.5, 7.5, 2.5625], "texture": "#main"}
			}
		},
		{
			"from": [8.9, 7, 2.75],
			"to": [9.25, 8.45, 3.1],
			"rotation": {"angle": -22.5, "axis": "z", "origin": [9, 8.225, 2.05]},
			"faces": {
				"north": {"uv": [5.75, 6.75, 5.8125, 7.125], "texture": "#main"},
				"east": {"uv": [6, 6.75, 6.0625, 7.125], "texture": "#main"},
				"south": {"uv": [6.75, 6, 6.8125, 6.375], "texture": "#main"},
				"west": {"uv": [6.25, 6.75, 6.3125, 7.125], "texture": "#main"},
				"up": {"uv": [1.5625, 8.0625, 1.5, 8], "texture": "#main"},
				"down": {"uv": [8.0625, 1.5, 8, 1.5625], "texture": "#main"}
			}
		},
		{
			"from": [9.25, 7, 3],
			"to": [9.75, 8.45, 3.35],
			"rotation": {"angle": -22.5, "axis": "z", "origin": [9, 8.225, 2.05]},
			"faces": {
				"north": {"uv": [3.5, 6.5, 3.625, 6.875], "texture": "#main"},
				"east": {"uv": [6.5, 6.75, 6.5625, 7.125], "texture": "#main"},
				"south": {"uv": [3.75, 6.5, 3.875, 6.875], "texture": "#main"},
				"west": {"uv": [6.75, 6.5, 6.8125, 6.875], "texture": "#main"},
				"up": {"uv": [2.875, 7.5625, 2.75, 7.5], "texture": "#main"},
				"down": {"uv": [7.625, 2.75, 7.5, 2.8125], "texture": "#main"}
			}
		},
		{
			"from": [9.75, 7, 2.75],
			"to": [10.1, 8.45, 3.1],
			"rotation": {"angle": -22.5, "axis": "z", "origin": [9, 8.225, 2.05]},
			"faces": {
				"north": {"uv": [0, 7, 0.0625, 7.375], "texture": "#main"},
				"east": {"uv": [7, 0, 7.0625, 0.375], "texture": "#main"},
				"south": {"uv": [0.25, 7, 0.3125, 7.375], "texture": "#main"},
				"west": {"uv": [0.5, 7, 0.5625, 7.375], "texture": "#main"},
				"up": {"uv": [1.8125, 8.0625, 1.75, 8], "texture": "#main"},
				"down": {"uv": [8.0625, 1.75, 8, 1.8125], "texture": "#main"}
			}
		}
	],
	"display": {
		"thirdperson_righthand": {
			"rotation": [90, 0, 0],
			"translation": [-6, 2, 12],
			"scale": [3, 3, 3]
		}
	},
	"groups": [
		{
			"name": "LFL",
			"origin": [6.875, 2.18259, 5.86732],
			"color": 0,
			"children": [0, 1, 2, 3, 4, 5, 6, 7, 8, 9, 10, 11]
		},
		{
			"name": "RFL",
			"origin": [9.75, 0, 4.5],
			"color": 0,
			"children": [12, 13, 14, 15, 16, 17, 18, 19, 20, 21, 22, 23]
		},
		{
			"name": "LBL",
			"origin": [6.25, 0, 10.25],
			"color": 0,
			"children": [24, 25, 26, 27, 28, 29, 30, 31, 32, 33, 34, 35]
		},
		{
			"name": "RBL",
			"origin": [9.125, 2.18259, 11.61732],
			"color": 0,
			"children": [36, 37, 38, 39, 40, 41, 42, 43, 44, 45, 46, 47]
		},
		{
			"name": "Tail",
			"origin": [8, 2.07802, 13.67213],
			"color": 0,
			"children": [48, 49, 50, 51, 52]
		},
		{
			"name": "Body",
			"origin": [7.5, 0, 7.5],
			"color": 0,
			"children": [53, 54, 55, 56, 57, 58]
		},
		{
			"name": "Neck",
			"origin": [8, 6, 4],
			"color": 0,
			"children": [59, 60]
		},
		{
			"name": "Head",
			"origin": [7.5, 0, 0],
			"color": 0,
			"children": [61, 62, 63, 64]
		},
		{
			"name": "LEar",
			"origin": [7, 8.225, 2.05],
			"color": 0,
			"children": [65, 66, 67, 68]
		},
		{
			"name": "REar",
			"origin": [9, 8.225, 2.05],
			"color": 0,
			"children": [69, 70, 71, 72]
		}
	]
}