{
	"credit": "Made with Blockbench",
	"texture_size": [64, 64],
	"textures": {
		"0": "entity/meerkat",
		"particle": "entity/meerkat"
	},
	"elements": [
		{
			"from": [6.3, 8.19536, 5.40099],
			"to": [7.2, 9.69536, 6.00099],
			"rotation": {"angle": 0, "axis": "x", "origin": [8, 9.68071, 7.1625]},
			"faces": {
				"north": {"uv": [2.5, 4.125, 2.25, 3.75], "rotation": 180, "texture": "#0"},
				"east": {"uv": [6, 5.75, 6.375, 5.875], "rotation": 90, "texture": "#0"},
				"south": {"uv": [0.75, 5.5, 0.5, 5.875], "texture": "#0"},
				"west": {"uv": [6, 6, 6.375, 6.125], "rotation": 270, "texture": "#0"},
				"up": {"uv": [6.25, 4.75, 6.5, 4.875], "texture": "#0"},
				"down": {"uv": [4.75, 6.25, 5, 6.375], "rotation": 180, "texture": "#0"}
			}
		},
		{
			"from": [6.35, 10.12412, 5.91231],
			"to": [7.15, 10.92412, 7.41231],
			"rotation": {"angle": -45, "axis": "x", "origin": [8, 9.68071, 7.1625]},
			"faces": {
				"north": {"uv": [6.4375, 3.25, 6.25, 3.4375], "rotation": 180, "texture": "#0"},
				"east": {"uv": [2.5, 6, 2.6875, 6.375], "rotation": 270, "texture": "#0"},
				"south": {"uv": [3.4375, 6.4375, 3.25, 6.25], "texture": "#0"},
				"west": {"uv": [6, 3.25, 6.1875, 3.625], "rotation": 90, "texture": "#0"},
				"up": {"uv": [6, 2.25, 6.1875, 2.625], "rotation": 180, "texture": "#0"},
				"down": {"uv": [6, 2.75, 6.1875, 3.125], "texture": "#0"}
			}
		},
		{
			"from": [6.3, 7.89536, 5.65099],
			"to": [6.75, 8.19536, 6.00099],
			"rotation": {"angle": 0, "axis": "x", "origin": [8, 9.68071, 7.1625]},
			"faces": {
				"north": {"uv": [6.875, 5.8125, 6.75, 5.75], "rotation": 180, "texture": "#0"},
				"east": {"uv": [4.5, 7.5, 4.5625, 7.5625], "rotation": 90, "texture": "#0"},
				"south": {"uv": [6.875, 6, 6.75, 6.0625], "texture": "#0"},
				"west": {"uv": [7.5, 4.5, 7.5625, 4.5625], "rotation": 270, "texture": "#0"},
				"up": {"uv": [6.75, 5.5, 6.875, 5.5625], "texture": "#0"},
				"down": {"uv": [6.75, 5.25, 6.875, 5.3125], "rotation": 180, "texture": "#0"}
			}
		},
		{
			"from": [6.75, 7.89536, 5.65099],
			"to": [7.2, 8.19536, 6.00099],
			"rotation": {"angle": 0, "axis": "x", "origin": [8, 9.68071, 7.1625]},
			"faces": {
				"north": {"uv": [6.875, 6.5625, 6.75, 6.5], "rotation": 180, "texture": "#0"},
				"east": {"uv": [4.75, 7.5, 4.8125, 7.5625], "rotation": 90, "texture": "#0"},
				"south": {"uv": [6.875, 6.75, 6.75, 6.8125], "texture": "#0"},
				"west": {"uv": [7.5, 4.75, 7.5625, 4.8125], "rotation": 270, "texture": "#0"},
				"up": {"uv": [6.5, 6.75, 6.625, 6.8125], "texture": "#0"},
				"down": {"uv": [6.75, 6.25, 6.875, 6.3125], "rotation": 180, "texture": "#0"}
			}
		},
		{
			"from": [6, 8.64536, 5.65099],
			"to": [6.3, 9.04536, 6.00099],
			"rotation": {"angle": 0, "axis": "x", "origin": [8, 9.68071, 7.1625]},
			"faces": {
				"north": {"uv": [0.3125, 7.125, 0.25, 7], "rotation": 180, "texture": "#0"},
				"east": {"uv": [0, 7, 0.125, 7.0625], "rotation": 90, "texture": "#0"},
				"south": {"uv": [7.0625, 0.25, 7, 0.375], "texture": "#0"},
				"west": {"uv": [7, 0, 7.125, 0.0625], "rotation": 270, "texture": "#0"},
				"up": {"uv": [7.5, 5, 7.5625, 5.0625], "texture": "#0"},
				"down": {"uv": [5, 7.5, 5.0625, 7.5625], "rotation": 180, "texture": "#0"}
			}
		},
		{
			"from": [6.4, 7.49536, 5.80099],
			"to": [6.65, 7.89536, 6.00099],
			"rotation": {"angle": 0, "axis": "x", "origin": [8, 9.68071, 7.1625]},
			"faces": {
				"north": {"uv": [0.8125, 7.125, 0.75, 7], "rotation": 180, "texture": "#0"},
				"east": {"uv": [0.5, 7, 0.625, 7.0625], "rotation": 90, "texture": "#0"},
				"south": {"uv": [7.0625, 0.75, 7, 0.875], "texture": "#0"},
				"west": {"uv": [7, 0.5, 7.125, 0.5625], "rotation": 270, "texture": "#0"},
				"up": {"uv": [7.5, 5.25, 7.5625, 5.3125], "texture": "#0"},
				"down": {"uv": [5.25, 7.5, 5.3125, 7.5625], "rotation": 180, "texture": "#0"}
			}
		},
		{
			"from": [6.85, 7.49536, 5.80099],
			"to": [7.1, 7.89536, 6.00099],
			"rotation": {"angle": 0, "axis": "x", "origin": [8, 9.68071, 7.1625]},
			"faces": {
				"north": {"uv": [1.3125, 7.125, 1.25, 7], "rotation": 180, "texture": "#0"},
				"east": {"uv": [1, 7, 1.125, 7.0625], "rotation": 90, "texture": "#0"},
				"south": {"uv": [7.0625, 1.25, 7, 1.375], "texture": "#0"},
				"west": {"uv": [7, 1, 7.125, 1.0625], "rotation": 270, "texture": "#0"},
				"up": {"uv": [7.5, 5.5, 7.5625, 5.5625], "texture": "#0"},
				"down": {"uv": [5.5, 7.5, 5.5625, 7.5625], "rotation": 180, "texture": "#0"}
			}
		},
		{
			"from": [6.05, 8.24536, 5.80099],
			"to": [6.3, 8.64536, 6.00099],
			"rotation": {"angle": 0, "axis": "x", "origin": [8, 9.68071, 7.1625]},
			"faces": {
				"north": {"uv": [1.8125, 7.125, 1.75, 7], "rotation": 180, "texture": "#0"},
				"east": {"uv": [1.5, 7, 1.625, 7.0625], "rotation": 90, "texture": "#0"},
				"south": {"uv": [7.0625, 1.75, 7, 1.875], "texture": "#0"},
				"west": {"uv": [7, 1.5, 7.125, 1.5625], "rotation": 270, "texture": "#0"},
				"up": {"uv": [7.5, 5.75, 7.5625, 5.8125], "texture": "#0"},
				"down": {"uv": [5.75, 7.5, 5.8125, 7.5625], "rotation": 180, "texture": "#0"}
			}
		},
		{
			"from": [7.2, 8.64536, 5.65099],
			"to": [7.5, 9.04536, 6.00099],
			"rotation": {"angle": 0, "axis": "x", "origin": [8, 9.68071, 7.1625]},
			"faces": {
				"north": {"uv": [2.3125, 7.125, 2.25, 7], "rotation": 180, "texture": "#0"},
				"east": {"uv": [2, 7, 2.125, 7.0625], "rotation": 90, "texture": "#0"},
				"south": {"uv": [7.0625, 2.25, 7, 2.375], "texture": "#0"},
				"west": {"uv": [7, 2, 7.125, 2.0625], "rotation": 270, "texture": "#0"},
				"up": {"uv": [7.5, 6, 7.5625, 6.0625], "texture": "#0"},
				"down": {"uv": [6, 7.5, 6.0625, 7.5625], "rotation": 180, "texture": "#0"}
			}
		},
		{
			"from": [7.2, 8.24536, 5.80099],
			"to": [7.45, 8.64536, 6.00099],
			"rotation": {"angle": 0, "axis": "x", "origin": [8, 9.68071, 7.1625]},
			"faces": {
				"north": {"uv": [2.8125, 7.125, 2.75, 7], "rotation": 180, "texture": "#0"},
				"east": {"uv": [2.5, 7, 2.625, 7.0625], "rotation": 90, "texture": "#0"},
				"south": {"uv": [7.0625, 2.75, 7, 2.875], "texture": "#0"},
				"west": {"uv": [7, 2.5, 7.125, 2.5625], "rotation": 270, "texture": "#0"},
				"up": {"uv": [7.5, 6.25, 7.5625, 6.3125], "texture": "#0"},
				"down": {"uv": [6.25, 7.5, 6.3125, 7.5625], "rotation": 180, "texture": "#0"}
			}
		},
		{
			"from": [6.25, 10.02412, 7.41231],
			"to": [7.25, 11.02412, 8.91231],
			"rotation": {"angle": -45, "axis": "x", "origin": [8, 9.68071, 7.1625]},
			"faces": {
				"north": {"uv": [3.5, 3.5, 3.25, 3.75], "rotation": 180, "texture": "#0"},
				"east": {"uv": [0, 5.75, 0.25, 6.125], "rotation": 270, "texture": "#0"},
				"south": {"uv": [1, 3.75, 0.75, 3.5], "texture": "#0"},
				"west": {"uv": [0.25, 5.75, 0.5, 6.125], "rotation": 90, "texture": "#0"},
				"up": {"uv": [5.5, 5.5, 5.75, 5.875], "rotation": 180, "texture": "#0"},
				"down": {"uv": [5.75, 0, 6, 0.375], "texture": "#0"}
			}
		},
		{
			"from": [6.15, 11.13406, 6.97309],
			"to": [7.35, 12.88406, 8.17309],
			"rotation": {"angle": 0, "axis": "x", "origin": [8, 9.68071, 7.1625]},
			"faces": {
				"north": {"uv": [5.25, 0.5, 5.5625, 0.9375], "texture": "#0"},
				"east": {"uv": [0.75, 5.25, 1.0625, 5.6875], "texture": "#0"},
				"south": {"uv": [1.25, 5.25, 1.5625, 5.6875], "texture": "#0"},
				"west": {"uv": [1.75, 5.25, 2.0625, 5.6875], "texture": "#0"},
				"up": {"uv": [4.3125, 5.8125, 4, 5.5], "texture": "#0"},
				"down": {"uv": [5.8125, 4, 5.5, 4.3125], "texture": "#0"}
			}
		},
		{
			"from": [8.55, 8.24536, 5.80099],
			"to": [8.8, 8.64536, 6.00099],
			"rotation": {"angle": 0, "axis": "x", "origin": [8, 9.68071, 7.1625]},
			"faces": {
				"north": {"uv": [7.3125, 6.125, 7.25, 6], "rotation": 180, "texture": "#0"},
				"east": {"uv": [7.25, 5.75, 7.375, 5.8125], "rotation": 90, "texture": "#0"},
				"south": {"uv": [6.3125, 7.25, 6.25, 7.375], "texture": "#0"},
				"west": {"uv": [6, 7.25, 6.125, 7.3125], "rotation": 270, "texture": "#0"},
				"up": {"uv": [5.5, 7.75, 5.5625, 7.8125], "texture": "#0"},
				"down": {"uv": [7.75, 5.25, 7.8125, 5.3125], "rotation": 180, "texture": "#0"}
			}
		},
		{
			"from": [8.5, 8.64536, 5.65099],
			"to": [8.8, 9.04536, 6.00099],
			"rotation": {"angle": 0, "axis": "x", "origin": [8, 9.68071, 7.1625]},
			"faces": {
				"north": {"uv": [7.3125, 6.625, 7.25, 6.5], "rotation": 180, "texture": "#0"},
				"east": {"uv": [7.25, 6.25, 7.375, 6.3125], "rotation": 90, "texture": "#0"},
				"south": {"uv": [6.8125, 7.25, 6.75, 7.375], "texture": "#0"},
				"west": {"uv": [6.5, 7.25, 6.625, 7.3125], "rotation": 270, "texture": "#0"},
				"up": {"uv": [5.75, 7.75, 5.8125, 7.8125], "texture": "#0"},
				"down": {"uv": [7.75, 5.5, 7.8125, 5.5625], "rotation": 180, "texture": "#0"}
			}
		},
		{
			"from": [9.7, 8.24536, 5.80099],
			"to": [9.95, 8.64536, 6.00099],
			"rotation": {"angle": 0, "axis": "x", "origin": [8, 9.68071, 7.1625]},
			"faces": {
				"north": {"uv": [7.3125, 7.125, 7.25, 7], "rotation": 180, "texture": "#0"},
				"east": {"uv": [7.25, 6.75, 7.375, 6.8125], "rotation": 90, "texture": "#0"},
				"south": {"uv": [7.3125, 7.25, 7.25, 7.375], "texture": "#0"},
				"west": {"uv": [7, 7.25, 7.125, 7.3125], "rotation": 270, "texture": "#0"},
				"up": {"uv": [6, 7.75, 6.0625, 7.8125], "texture": "#0"},
				"down": {"uv": [7.75, 5.75, 7.8125, 5.8125], "rotation": 180, "texture": "#0"}
			}
		},
		{
			"from": [8.9, 7.49536, 5.80099],
			"to": [9.15, 7.89536, 6.00099],
			"rotation": {"angle": 0, "axis": "x", "origin": [8, 9.68071, 7.1625]},
			"faces": {
				"north": {"uv": [0.3125, 7.625, 0.25, 7.5], "rotation": 180, "texture": "#0"},
				"east": {"uv": [0, 7.5, 0.125, 7.5625], "rotation": 90, "texture": "#0"},
				"south": {"uv": [7.5625, 0.25, 7.5, 0.375], "texture": "#0"},
				"west": {"uv": [7.5, 0, 7.625, 0.0625], "rotation": 270, "texture": "#0"},
				"up": {"uv": [6.25, 7.75, 6.3125, 7.8125], "texture": "#0"},
				"down": {"uv": [7.75, 6, 7.8125, 6.0625], "rotation": 180, "texture": "#0"}
			}
		},
		{
			"from": [9.35, 7.49536, 5.80099],
			"to": [9.6, 7.89536, 6.00099],
			"rotation": {"angle": 0, "axis": "x", "origin": [8, 9.68071, 7.1625]},
			"faces": {
				"north": {"uv": [0.8125, 7.625, 0.75, 7.5], "rotation": 180, "texture": "#0"},
				"east": {"uv": [0.5, 7.5, 0.625, 7.5625], "rotation": 90, "texture": "#0"},
				"south": {"uv": [7.5625, 0.75, 7.5, 0.875], "texture": "#0"},
				"west": {"uv": [7.5, 0.5, 7.625, 0.5625], "rotation": 270, "texture": "#0"},
				"up": {"uv": [6.5, 7.75, 6.5625, 7.8125], "texture": "#0"},
				"down": {"uv": [7.75, 6.25, 7.8125, 6.3125], "rotation": 180, "texture": "#0"}
			}
		},
		{
			"from": [9.7, 8.64536, 5.65099],
			"to": [10, 9.04536, 6.00099],
			"rotation": {"angle": 0, "axis": "x", "origin": [8, 9.68071, 7.1625]},
			"faces": {
				"north": {"uv": [1.3125, 7.625, 1.25, 7.5], "rotation": 180, "texture": "#0"},
				"east": {"uv": [1, 7.5, 1.125, 7.5625], "rotation": 90, "texture": "#0"},
				"south": {"uv": [7.5625, 1.25, 7.5, 1.375], "texture": "#0"},
				"west": {"uv": [7.5, 1, 7.625, 1.0625], "rotation": 270, "texture": "#0"},
				"up": {"uv": [6.75, 7.75, 6.8125, 7.8125], "texture": "#0"},
				"down": {"uv": [7.75, 6.5, 7.8125, 6.5625], "rotation": 180, "texture": "#0"}
			}
		},
		{
			"from": [8.8, 7.89536, 5.65099],
			"to": [9.25, 8.19536, 6.00099],
			"rotation": {"angle": 0, "axis": "x", "origin": [8, 9.68071, 7.1625]},
			"faces": {
				"north": {"uv": [1.875, 7.5625, 1.75, 7.5], "rotation": 180, "texture": "#0"},
				"east": {"uv": [7.75, 6.75, 7.8125, 6.8125], "rotation": 90, "texture": "#0"},
				"south": {"uv": [7.625, 1.75, 7.5, 1.8125], "texture": "#0"},
				"west": {"uv": [7, 7.75, 7.0625, 7.8125], "rotation": 270, "texture": "#0"},
				"up": {"uv": [7.5, 1.5, 7.625, 1.5625], "texture": "#0"},
				"down": {"uv": [1.5, 7.5, 1.625, 7.5625], "rotation": 180, "texture": "#0"}
			}
		},
		{
			"from": [9.25, 7.89536, 5.65099],
			"to": [9.7, 8.19536, 6.00099],
			"rotation": {"angle": 0, "axis": "x", "origin": [8, 9.68071, 7.1625]},
			"faces": {
				"north": {"uv": [2.375, 7.5625, 2.25, 7.5], "rotation": 180, "texture": "#0"},
				"east": {"uv": [7.75, 7, 7.8125, 7.0625], "rotation": 90, "texture": "#0"},
				"south": {"uv": [7.625, 2.25, 7.5, 2.3125], "texture": "#0"},
				"west": {"uv": [7.25, 7.75, 7.3125, 7.8125], "rotation": 270, "texture": "#0"},
				"up": {"uv": [7.5, 2, 7.625, 2.0625], "texture": "#0"},
				"down": {"uv": [2, 7.5, 2.125, 7.5625], "rotation": 180, "texture": "#0"}
			}
		},
		{
			"from": [8.65, 11.13406, 6.97309],
			"to": [9.85, 12.88406, 8.17309],
			"rotation": {"angle": 0, "axis": "x", "origin": [8, 9.68071, 7.1625]},
			"faces": {
				"north": {"uv": [2.25, 5.5, 2.5625, 5.9375], "texture": "#0"},
				"east": {"uv": [5.5, 2.25, 5.8125, 2.6875], "texture": "#0"},
				"south": {"uv": [5.5, 3, 5.8125, 3.4375], "texture": "#0"},
				"west": {"uv": [5.5, 3.5, 5.8125, 3.9375], "texture": "#0"},
				"up": {"uv": [5.3125, 5.8125, 5, 5.5], "texture": "#0"},
				"down": {"uv": [5.8125, 5, 5.5, 5.3125], "texture": "#0"}
			}
		},
		{
			"from": [8.75, 10.02412, 7.41231],
			"to": [9.75, 11.02412, 8.91231],
			"rotation": {"angle": -45, "axis": "x", "origin": [8, 9.68071, 7.1625]},
			"faces": {
				"north": {"uv": [5.25, 6, 5, 6.25], "rotation": 180, "texture": "#0"},
				"east": {"uv": [6, 1, 6.25, 1.375], "rotation": 270, "texture": "#0"},
				"south": {"uv": [6.25, 5, 6, 4.75], "texture": "#0"},
				"west": {"uv": [1.75, 6, 2, 6.375], "rotation": 90, "texture": "#0"},
				"up": {"uv": [6, 0.5, 6.25, 0.875], "rotation": 180, "texture": "#0"},
				"down": {"uv": [6, 1.5, 6.25, 1.875], "texture": "#0"}
			}
		},
		{
			"from": [8.85, 10.12412, 5.91231],
			"to": [9.65, 10.92412, 7.41231],
			"rotation": {"angle": -45, "axis": "x", "origin": [8, 9.68071, 7.1625]},
			"faces": {
				"north": {"uv": [6.4375, 4.5, 6.25, 4.6875], "rotation": 180, "texture": "#0"},
				"east": {"uv": [4, 6, 4.1875, 6.375], "rotation": 270, "texture": "#0"},
				"south": {"uv": [4.6875, 6.4375, 4.5, 6.25], "texture": "#0"},
				"west": {"uv": [6, 4.25, 6.1875, 4.625], "rotation": 90, "texture": "#0"},
				"up": {"uv": [6, 3.75, 6.1875, 4.125], "rotation": 180, "texture": "#0"},
				"down": {"uv": [4.25, 6, 4.4375, 6.375], "texture": "#0"}
			}
		},
		{
			"from": [8.8, 8.19536, 5.40099],
			"to": [9.7, 9.69536, 6.00099],
			"rotation": {"angle": 0, "axis": "x", "origin": [8, 9.68071, 7.1625]},
			"faces": {
				"north": {"uv": [2.25, 6.375, 2, 6], "rotation": 180, "texture": "#0"},
				"east": {"uv": [6.25, 2.5, 6.625, 2.625], "rotation": 90, "texture": "#0"},
				"south": {"uv": [2.5, 6, 2.25, 6.375], "texture": "#0"},
				"west": {"uv": [2.75, 6.25, 3.125, 6.375], "rotation": 270, "texture": "#0"},
				"up": {"uv": [6.5, 1, 6.75, 1.125], "texture": "#0"},
				"down": {"uv": [1, 6.5, 1.25, 6.625], "rotation": 180, "texture": "#0"}
			}
		},
		{
			"from": [7.2, -0.02827, 7.4059],
			"to": [7.45, 0.17173, 7.8059],
			"rotation": {"angle": 0, "axis": "x", "origin": [8, 9.68071, 7.1625]},
			"faces": {
				"north": {"uv": [6.5, 7.5, 6.5625, 7.5625], "texture": "#0"},
				"east": {"uv": [3, 7, 3.125, 7.0625], "texture": "#0"},
				"south": {"uv": [7.5, 6.5, 7.5625, 6.5625], "texture": "#0"},
				"west": {"uv": [7, 3, 7.125, 3.0625], "texture": "#0"},
				"up": {"uv": [3.3125, 7.125, 3.25, 7], "texture": "#0"},
				"down": {"uv": [7.0625, 3.25, 7, 3.375], "texture": "#0"}
			}
		},
		{
			"from": [7.2, -0.02827, 7.8059],
			"to": [7.5, 0.32173, 8.2059],
			"rotation": {"angle": 0, "axis": "x", "origin": [8, 9.68071, 7.1625]},
			"faces": {
				"north": {"uv": [6.75, 7.5, 6.8125, 7.5625], "texture": "#0"},
				"east": {"uv": [3.5, 7, 3.625, 7.0625], "texture": "#0"},
				"south": {"uv": [7.5, 6.75, 7.5625, 6.8125], "texture": "#0"},
				"west": {"uv": [7, 3.5, 7.125, 3.5625], "texture": "#0"},
				"up": {"uv": [3.8125, 7.125, 3.75, 7], "texture": "#0"},
				"down": {"uv": [7.0625, 3.75, 7, 3.875], "texture": "#0"}
			}
		},
		{
			"from": [6.05, -0.02827, 7.4059],
			"to": [6.3, 0.17173, 7.8059],
			"rotation": {"angle": 0, "axis": "x", "origin": [8, 9.68071, 7.1625]},
			"faces": {
				"north": {"uv": [7, 7.5, 7.0625, 7.5625], "texture": "#0"},
				"east": {"uv": [4, 7, 4.125, 7.0625], "texture": "#0"},
				"south": {"uv": [7.5, 7, 7.5625, 7.0625], "texture": "#0"},
				"west": {"uv": [7, 4, 7.125, 4.0625], "texture": "#0"},
				"up": {"uv": [4.3125, 7.125, 4.25, 7], "texture": "#0"},
				"down": {"uv": [7.0625, 4.25, 7, 4.375], "texture": "#0"}
			}
		},
		{
			"from": [6.85, -0.02827, 6.6559],
			"to": [7.1, 0.17173, 7.0559],
			"rotation": {"angle": 0, "axis": "x", "origin": [8, 9.68071, 7.1625]},
			"faces": {
				"north": {"uv": [7.25, 7.5, 7.3125, 7.5625], "texture": "#0"},
				"east": {"uv": [4.5, 7, 4.625, 7.0625], "texture": "#0"},
				"south": {"uv": [7.5, 7.25, 7.5625, 7.3125], "texture": "#0"},
				"west": {"uv": [7, 4.5, 7.125, 4.5625], "texture": "#0"},
				"up": {"uv": [4.8125, 7.125, 4.75, 7], "texture": "#0"},
				"down": {"uv": [7.0625, 4.75, 7, 4.875], "texture": "#0"}
			}
		},
		{
			"from": [6.4, -0.02827, 6.6559],
			"to": [6.65, 0.17173, 7.0559],
			"rotation": {"angle": 0, "axis": "x", "origin": [8, 9.68071, 7.1625]},
			"faces": {
				"north": {"uv": [7.5, 7.5, 7.5625, 7.5625], "texture": "#0"},
				"east": {"uv": [5, 7, 5.125, 7.0625], "texture": "#0"},
				"south": {"uv": [0, 7.75, 0.0625, 7.8125], "texture": "#0"},
				"west": {"uv": [7, 5, 7.125, 5.0625], "texture": "#0"},
				"up": {"uv": [5.3125, 7.125, 5.25, 7], "texture": "#0"},
				"down": {"uv": [7.0625, 5.25, 7, 5.375], "texture": "#0"}
			}
		},
		{
			"from": [6, -0.02827, 7.8059],
			"to": [6.3, 0.32173, 8.2059],
			"rotation": {"angle": 0, "axis": "x", "origin": [8, 9.68071, 7.1625]},
			"faces": {
				"north": {"uv": [7.75, 0, 7.8125, 0.0625], "texture": "#0"},
				"east": {"uv": [5.5, 7, 5.625, 7.0625], "texture": "#0"},
				"south": {"uv": [0.25, 7.75, 0.3125, 7.8125], "texture": "#0"},
				"west": {"uv": [7, 5.5, 7.125, 5.5625], "texture": "#0"},
				"up": {"uv": [5.8125, 7.125, 5.75, 7], "texture": "#0"},
				"down": {"uv": [7.0625, 5.75, 7, 5.875], "texture": "#0"}
			}
		},
		{
			"from": [6.75, -0.02827, 7.0559],
			"to": [7.2, 0.32173, 7.3559],
			"rotation": {"angle": 0, "axis": "x", "origin": [8, 9.68071, 7.1625]},
			"faces": {
				"north": {"uv": [6, 7, 6.125, 7.0625], "texture": "#0"},
				"east": {"uv": [7.75, 0.25, 7.8125, 0.3125], "texture": "#0"},
				"south": {"uv": [7, 6, 7.125, 6.0625], "texture": "#0"},
				"west": {"uv": [0.5, 7.75, 0.5625, 7.8125], "texture": "#0"},
				"up": {"uv": [6.375, 7.0625, 6.25, 7], "texture": "#0"},
				"down": {"uv": [7.125, 6.25, 7, 6.3125], "texture": "#0"}
			}
		},
		{
			"from": [6.3, -0.02827, 7.0559],
			"to": [6.75, 0.32173, 7.3559],
			"rotation": {"angle": 0, "axis": "x", "origin": [8, 9.68071, 7.1625]},
			"faces": {
				"north": {"uv": [6.5, 7, 6.625, 7.0625], "texture": "#0"},
				"east": {"uv": [7.75, 0.5, 7.8125, 0.5625], "texture": "#0"},
				"south": {"uv": [7, 6.5, 7.125, 6.5625], "texture": "#0"},
				"west": {"uv": [0.75, 7.75, 0.8125, 7.8125], "texture": "#0"},
				"up": {"uv": [6.875, 7.0625, 6.75, 7], "texture": "#0"},
				"down": {"uv": [7.125, 6.75, 7, 6.8125], "texture": "#0"}
			}
		},
		{
			"from": [6.1, 1.78148, 5.07654],
			"to": [7.4, 4.28148, 6.87654],
			"rotation": {"angle": -22.5, "axis": "x", "origin": [8, 9.68071, 7.1625]},
			"faces": {
				"north": {"uv": [0.75, 4.5, 1.0625, 5.125], "texture": "#0"},
				"east": {"uv": [4.25, 2, 4.6875, 2.625], "texture": "#0"},
				"south": {"uv": [4.5, 1, 4.8125, 1.625], "texture": "#0"},
				"west": {"uv": [2.25, 4.25, 2.6875, 4.875], "texture": "#0"},
				"up": {"uv": [5.5625, 2.1875, 5.25, 1.75], "texture": "#0"},
				"down": {"uv": [3.3125, 5.25, 3, 5.6875], "texture": "#0"}
			}
		},
		{
			"from": [6.25, 2.39542, 11.51557],
			"to": [7.25, 3.89542, 12.51557],
			"rotation": {"angle": 22.5, "axis": "x", "origin": [8, 9.68071, 7.1625]},
			"faces": {
				"north": {"uv": [5.75, 0.5, 6, 0.875], "texture": "#0"},
				"east": {"uv": [0.75, 5.75, 1, 6.125], "texture": "#0"},
				"south": {"uv": [1, 5.75, 1.25, 6.125], "texture": "#0"},
				"west": {"uv": [1.25, 5.75, 1.5, 6.125], "texture": "#0"},
				"up": {"uv": [4.25, 2.25, 4, 2], "texture": "#0"},
				"down": {"uv": [4.5, 3.5, 4.25, 3.75], "texture": "#0"}
			}
		},
		{
			"from": [6.35, 1.39542, 11.61557],
			"to": [7.15, 2.39542, 12.41557],
			"rotation": {"angle": 22.5, "axis": "x", "origin": [8, 9.68071, 7.1625]},
			"faces": {
				"north": {"uv": [0, 6.25, 0.1875, 6.5], "texture": "#0"},
				"east": {"uv": [6.25, 0, 6.4375, 0.25], "texture": "#0"},
				"south": {"uv": [0.25, 6.25, 0.4375, 6.5], "texture": "#0"},
				"west": {"uv": [6.25, 0.25, 6.4375, 0.5], "texture": "#0"},
				"up": {"uv": [3.6875, 6.4375, 3.5, 6.25], "texture": "#0"},
				"down": {"uv": [6.4375, 3.5, 6.25, 3.6875], "texture": "#0"}
			}
		},
		{
			"from": [6.3, -0.02827, 7.3559],
			"to": [7.2, 0.57173, 8.8559],
			"rotation": {"angle": 0, "axis": "x", "origin": [8, 9.68071, 7.1625]},
			"faces": {
				"north": {"uv": [5, 6.25, 5.25, 6.375], "texture": "#0"},
				"east": {"uv": [6.25, 0.5, 6.625, 0.625], "texture": "#0"},
				"south": {"uv": [5.25, 6.25, 5.5, 6.375], "texture": "#0"},
				"west": {"uv": [0.75, 6.25, 1.125, 6.375], "texture": "#0"},
				"up": {"uv": [1.75, 6.125, 1.5, 5.75], "texture": "#0"},
				"down": {"uv": [6, 1.5, 5.75, 1.875], "texture": "#0"}
			}
		},
		{
			"from": [8.8, -0.02827, 7.3559],
			"to": [9.7, 0.57173, 8.8559],
			"rotation": {"angle": 0, "axis": "x", "origin": [8, 9.68071, 7.1625]},
			"faces": {
				"north": {"uv": [0.75, 6.5, 1, 6.625], "texture": "#0"},
				"east": {"uv": [1.25, 6.25, 1.625, 6.375], "texture": "#0"},
				"south": {"uv": [6.5, 0.75, 6.75, 0.875], "texture": "#0"},
				"west": {"uv": [6.25, 1.25, 6.625, 1.375], "texture": "#0"},
				"up": {"uv": [3.5, 6.125, 3.25, 5.75], "texture": "#0"},
				"down": {"uv": [3.75, 5.75, 3.5, 6.125], "texture": "#0"}
			}
		},
		{
			"from": [8.85, 1.39542, 11.61557],
			"to": [9.65, 2.39542, 12.41557],
			"rotation": {"angle": 22.5, "axis": "x", "origin": [8, 9.68071, 7.1625]},
			"faces": {
				"north": {"uv": [6.25, 1.5, 6.4375, 1.75], "texture": "#0"},
				"east": {"uv": [6.25, 1.75, 6.4375, 2], "texture": "#0"},
				"south": {"uv": [6.25, 2, 6.4375, 2.25], "texture": "#0"},
				"west": {"uv": [6.25, 2.25, 6.4375, 2.5], "texture": "#0"},
				"up": {"uv": [6.4375, 4.1875, 6.25, 4], "texture": "#0"},
				"down": {"uv": [6.4375, 4.25, 6.25, 4.4375], "texture": "#0"}
			}
		},
		{
			"from": [8.75, 2.39542, 11.51557],
			"to": [9.75, 3.89542, 12.51557],
			"rotation": {"angle": 22.5, "axis": "x", "origin": [8, 9.68071, 7.1625]},
			"faces": {
				"north": {"uv": [3.75, 5.75, 4, 6.125], "texture": "#0"},
				"east": {"uv": [5.75, 5.5, 6, 5.875], "texture": "#0"},
				"south": {"uv": [6, 0, 6.25, 0.375], "texture": "#0"},
				"west": {"uv": [0.5, 6, 0.75, 6.375], "texture": "#0"},
				"up": {"uv": [4.75, 6.25, 4.5, 6], "texture": "#0"},
				"down": {"uv": [5, 6, 4.75, 6.25], "texture": "#0"}
			}
		},
		{
			"from": [8.6, 1.78148, 5.07654],
			"to": [9.9, 4.28148, 6.87654],
			"rotation": {"angle": -22.5, "axis": "x", "origin": [8, 9.68071, 7.1625]},
			"faces": {
				"north": {"uv": [1.25, 4.5, 1.5625, 5.125], "texture": "#0"},
				"east": {"uv": [2.75, 4.25, 3.1875, 4.875], "texture": "#0"},
				"south": {"uv": [1.75, 4.5, 2.0625, 5.125], "texture": "#0"},
				"west": {"uv": [4.25, 2.75, 4.6875, 3.375], "texture": "#0"},
				"up": {"uv": [3.8125, 5.6875, 3.5, 5.25], "texture": "#0"},
				"down": {"uv": [5.8125, 1, 5.5, 1.4375], "texture": "#0"}
			}
		},
		{
			"from": [9.25, -0.02827, 7.0559],
			"to": [9.7, 0.32173, 7.3559],
			"rotation": {"angle": 0, "axis": "x", "origin": [8, 9.68071, 7.1625]},
			"faces": {
				"north": {"uv": [7.25, 1.75, 7.375, 1.8125], "texture": "#0"},
				"east": {"uv": [7.75, 3.25, 7.8125, 3.3125], "texture": "#0"},
				"south": {"uv": [2, 7.25, 2.125, 7.3125], "texture": "#0"},
				"west": {"uv": [3.5, 7.75, 3.5625, 7.8125], "texture": "#0"},
				"up": {"uv": [7.375, 2.0625, 7.25, 2], "texture": "#0"},
				"down": {"uv": [2.375, 7.25, 2.25, 7.3125], "texture": "#0"}
			}
		},
		{
			"from": [8.8, -0.02827, 7.0559],
			"to": [9.25, 0.32173, 7.3559],
			"rotation": {"angle": 0, "axis": "x", "origin": [8, 9.68071, 7.1625]},
			"faces": {
				"north": {"uv": [7.25, 2.25, 7.375, 2.3125], "texture": "#0"},
				"east": {"uv": [7.75, 3.5, 7.8125, 3.5625], "texture": "#0"},
				"south": {"uv": [2.5, 7.25, 2.625, 7.3125], "texture": "#0"},
				"west": {"uv": [3.75, 7.75, 3.8125, 7.8125], "texture": "#0"},
				"up": {"uv": [7.375, 2.5625, 7.25, 2.5], "texture": "#0"},
				"down": {"uv": [2.875, 7.25, 2.75, 7.3125], "texture": "#0"}
			}
		},
		{
			"from": [9.7, -0.02827, 7.8059],
			"to": [10, 0.32173, 8.2059],
			"rotation": {"angle": 0, "axis": "x", "origin": [8, 9.68071, 7.1625]},
			"faces": {
				"north": {"uv": [7.75, 3.75, 7.8125, 3.8125], "texture": "#0"},
				"east": {"uv": [7.25, 2.75, 7.375, 2.8125], "texture": "#0"},
				"south": {"uv": [4, 7.75, 4.0625, 7.8125], "texture": "#0"},
				"west": {"uv": [3, 7.25, 3.125, 7.3125], "texture": "#0"},
				"up": {"uv": [7.3125, 3.125, 7.25, 3], "texture": "#0"},
				"down": {"uv": [3.3125, 7.25, 3.25, 7.375], "texture": "#0"}
			}
		},
		{
			"from": [9.35, -0.02827, 6.6559],
			"to": [9.6, 0.17173, 7.0559],
			"rotation": {"angle": 0, "axis": "x", "origin": [8, 9.68071, 7.1625]},
			"faces": {
				"north": {"uv": [7.75, 4, 7.8125, 4.0625], "texture": "#0"},
				"east": {"uv": [7.25, 3.25, 7.375, 3.3125], "texture": "#0"},
				"south": {"uv": [4.25, 7.75, 4.3125, 7.8125], "texture": "#0"},
				"west": {"uv": [3.5, 7.25, 3.625, 7.3125], "texture": "#0"},
				"up": {"uv": [7.3125, 3.625, 7.25, 3.5], "texture": "#0"},
				"down": {"uv": [3.8125, 7.25, 3.75, 7.375], "texture": "#0"}
			}
		},
		{
			"from": [8.9, -0.02827, 6.6559],
			"to": [9.15, 0.17173, 7.0559],
			"rotation": {"angle": 0, "axis": "x", "origin": [8, 9.68071, 7.1625]},
			"faces": {
				"north": {"uv": [7.75, 4.25, 7.8125, 4.3125], "texture": "#0"},
				"east": {"uv": [7.25, 3.75, 7.375, 3.8125], "texture": "#0"},
				"south": {"uv": [4.5, 7.75, 4.5625, 7.8125], "texture": "#0"},
				"west": {"uv": [4, 7.25, 4.125, 7.3125], "texture": "#0"},
				"up": {"uv": [7.3125, 4.125, 7.25, 4], "texture": "#0"},
				"down": {"uv": [4.3125, 7.25, 4.25, 7.375], "texture": "#0"}
			}
		},
		{
			"from": [9.7, -0.02827, 7.4059],
			"to": [9.95, 0.17173, 7.8059],
			"rotation": {"angle": 0, "axis": "x", "origin": [8, 9.68071, 7.1625]},
			"faces": {
				"north": {"uv": [7.75, 4.5, 7.8125, 4.5625], "texture": "#0"},
				"east": {"uv": [7.25, 4.25, 7.375, 4.3125], "texture": "#0"},
				"south": {"uv": [4.75, 7.75, 4.8125, 7.8125], "texture": "#0"},
				"west": {"uv": [4.5, 7.25, 4.625, 7.3125], "texture": "#0"},
				"up": {"uv": [7.3125, 4.625, 7.25, 4.5], "texture": "#0"},
				"down": {"uv": [4.8125, 7.25, 4.75, 7.375], "texture": "#0"}
			}
		},
		{
			"from": [8.5, -0.02827, 7.8059],
			"to": [8.8, 0.32173, 8.2059],
			"rotation": {"angle": 0, "axis": "x", "origin": [8, 9.68071, 7.1625]},
			"faces": {
				"north": {"uv": [7.75, 4.75, 7.8125, 4.8125], "texture": "#0"},
				"east": {"uv": [7.25, 4.75, 7.375, 4.8125], "texture": "#0"},
				"south": {"uv": [5, 7.75, 5.0625, 7.8125], "texture": "#0"},
				"west": {"uv": [5, 7.25, 5.125, 7.3125], "texture": "#0"},
				"up": {"uv": [7.3125, 5.125, 7.25, 5], "texture": "#0"},
				"down": {"uv": [5.3125, 7.25, 5.25, 7.375], "texture": "#0"}
			}
		},
		{
			"from": [8.55, -0.02827, 7.4059],
			"to": [8.8, 0.17173, 7.8059],
			"rotation": {"angle": 0, "axis": "x", "origin": [8, 9.68071, 7.1625]},
			"faces": {
				"north": {"uv": [7.75, 5, 7.8125, 5.0625], "texture": "#0"},
				"east": {"uv": [7.25, 5.25, 7.375, 5.3125], "texture": "#0"},
				"south": {"uv": [5.25, 7.75, 5.3125, 7.8125], "texture": "#0"},
				"west": {"uv": [5.5, 7.25, 5.625, 7.3125], "texture": "#0"},
				"up": {"uv": [7.3125, 5.625, 7.25, 5.5], "texture": "#0"},
				"down": {"uv": [5.8125, 7.25, 5.75, 7.375], "texture": "#0"}
			}
		},
		{
			"from": [7.35, 1.54548, 9.94029],
			"to": [8.65, 3.44548, 11.24029],
			"rotation": {"angle": -45, "axis": "x", "origin": [8, 3.07048, 11.34029]},
			"faces": {
				"north": {"uv": [3.25, 4.75, 3.5625, 5.25], "texture": "#0"},
				"east": {"uv": [3.75, 4.75, 4.0625, 5.25], "texture": "#0"},
				"south": {"uv": [5, 1, 5.3125, 1.5], "texture": "#0"},
				"west": {"uv": [2.25, 5, 2.5625, 5.5], "texture": "#0"},
				"up": {"uv": [4.8125, 5.8125, 4.5, 5.5], "texture": "#0"},
				"down": {"uv": [5.8125, 4.5, 5.5, 4.8125], "texture": "#0"}
			}
		},
		{
			"from": [7.45, 0.49799, 11.36565],
			"to": [8.55, 1.59799, 14.06565],
			"rotation": {"angle": 22.5, "axis": "x", "origin": [8, 0.54799, 12.81565]},
			"faces": {
				"north": {"uv": [4.5, 1.75, 4.75, 2], "texture": "#0"},
				"east": {"uv": [4.75, 2.25, 5.4375, 2.5], "texture": "#0"},
				"south": {"uv": [3, 5, 3.25, 5.25], "texture": "#0"},
				"west": {"uv": [4.75, 2.5, 5.4375, 2.75], "texture": "#0"},
				"up": {"uv": [0.75, 5.4375, 0.5, 4.75], "texture": "#0"},
				"down": {"uv": [5, 2.75, 4.75, 3.4375], "texture": "#0"}
			}
		},
		{
			"from": [7.55, -0.00755, 13.9462],
			"to": [8.45, 0.89245, 16.0962],
			"rotation": {"angle": 0, "axis": "x", "origin": [8, 2.50685, 15.61919]},
			"faces": {
				"north": {"uv": [4, 5.25, 4.25, 5.5], "texture": "#0"},
				"east": {"uv": [5, 1.5, 5.5625, 1.75], "texture": "#0"},
				"south": {"uv": [5.75, 2.75, 6, 3], "texture": "#0"},
				"west": {"uv": [5, 2.75, 5.5625, 3], "texture": "#0"},
				"up": {"uv": [4.5, 5.3125, 4.25, 4.75], "texture": "#0"},
				"down": {"uv": [3, 5, 2.75, 5.5625], "texture": "#0"}
			}
		},
		{
			"from": [7.65, -0.00755, 16.0962],
			"to": [8.35, 0.69245, 17.9962],
			"rotation": {"angle": 0, "axis": "x", "origin": [8, 2.50685, 15.61919]},
			"faces": {
				"north": {"uv": [3.75, 6.25, 3.9375, 6.4375], "texture": "#0"},
				"east": {"uv": [1.75, 5.75, 2.25, 5.9375], "texture": "#0"},
				"south": {"uv": [6.25, 3.75, 6.4375, 3.9375], "texture": "#0"},
				"west": {"uv": [5.75, 2, 6.25, 2.1875], "texture": "#0"},
				"up": {"uv": [2.9375, 6.25, 2.75, 5.75], "texture": "#0"},
				"down": {"uv": [3.1875, 5.75, 3, 6.25], "texture": "#0"}
			}
		},
		{
			"from": [7.75, -0.00755, 17.9962],
			"to": [8.25, 0.49245, 19.6462],
			"rotation": {"angle": 0, "axis": "x", "origin": [8, 2.50685, 15.61919]},
			"faces": {
				"north": {"uv": [0, 6.75, 0.125, 6.875], "texture": "#0"},
				"east": {"uv": [6, 5, 6.4375, 5.125], "texture": "#0"},
				"south": {"uv": [6.75, 0, 6.875, 0.125], "texture": "#0"},
				"west": {"uv": [5.25, 6, 5.6875, 6.125], "texture": "#0"},
				"up": {"uv": [6.125, 5.6875, 6, 5.25], "texture": "#0"},
				"down": {"uv": [5.875, 6, 5.75, 6.4375], "texture": "#0"}
			}
		},
		{
			"from": [7.85, 0.09245, 19.6462],
			"to": [8.15, 0.39245, 19.7962],
			"rotation": {"angle": 0, "axis": "x", "origin": [8, 2.50685, 16.71919]},
			"faces": {
				"north": {"uv": [7.75, 0.75, 7.8125, 0.8125], "texture": "#0"},
				"east": {"uv": [1, 7.75, 1.0625, 7.8125], "texture": "#0"},
				"south": {"uv": [7.75, 1, 7.8125, 1.0625], "texture": "#0"},
				"west": {"uv": [1.25, 7.75, 1.3125, 7.8125], "texture": "#0"},
				"up": {"uv": [7.8125, 1.3125, 7.75, 1.25], "texture": "#0"},
				"down": {"uv": [1.5625, 7.75, 1.5, 7.8125], "texture": "#0"}
			}
		},
		{
			"from": [7.25, 3.44548, 9.84029],
			"to": [8.75, 5.44548, 11.34029],
			"rotation": {"angle": -45, "axis": "x", "origin": [8, 3.07048, 11.34029]},
			"faces": {
				"north": {"uv": [3, 2.25, 3.375, 2.75], "texture": "#0"},
				"east": {"uv": [4.5, 3.5, 4.875, 4], "texture": "#0"},
				"south": {"uv": [4.5, 4, 4.875, 4.5], "texture": "#0"},
				"west": {"uv": [4.5, 4.5, 4.875, 5], "texture": "#0"},
				"up": {"uv": [5.375, 3.375, 5, 3], "texture": "#0"},
				"down": {"uv": [5.375, 3.5, 5, 3.875], "texture": "#0"}
			}
		},
		{
			"from": [6.5, 6.83437, 6.94516],
			"to": [9.5, 10.23437, 9.44516],
			"rotation": {"angle": 0, "axis": "x", "origin": [8, 9.68071, 7.1625]},
			"faces": {
				"north": {"uv": [1.5, 1, 0.75, 1.875], "rotation": 180, "texture": "#0"},
				"east": {"uv": [2.5, 2.75, 3.375, 3.375], "rotation": 270, "texture": "#0"},
				"south": {"uv": [0.75, 1.875, 0, 1], "texture": "#0"},
				"west": {"uv": [3, 1.5, 3.875, 2.125], "rotation": 90, "texture": "#0"},
				"up": {"uv": [0.75, 3.75, 1.5, 4.375], "rotation": 180, "texture": "#0"},
				"down": {"uv": [1.5, 3.75, 2.25, 4.375], "texture": "#0"}
			}
		},
		{
			"from": [6.5, 3.43437, 6.94516],
			"to": [9.5, 6.83437, 9.69516],
			"rotation": {"angle": 0, "axis": "x", "origin": [8, 9.68071, 7.1625]},
			"faces": {
				"north": {"uv": [2.25, 1, 1.5, 1.875], "rotation": 180, "texture": "#0"},
				"east": {"uv": [2, 2, 2.875, 2.6875], "rotation": 270, "texture": "#0"},
				"south": {"uv": [2.25, 0.875, 1.5, 0], "texture": "#0"},
				"west": {"uv": [2.25, 0, 3.125, 0.6875], "rotation": 90, "texture": "#0"},
				"up": {"uv": [0, 3.5, 0.75, 4.1875], "rotation": 180, "texture": "#0"},
				"down": {"uv": [3.5, 2.25, 4.25, 2.9375], "texture": "#0"}
			}
		},
		{
			"from": [6.5, 10.23437, 6.94516],
			"to": [9.5, 13.63437, 9.69516],
			"rotation": {"angle": 0, "axis": "x", "origin": [8, 9.68071, 7.1625]},
			"faces": {
				"north": {"uv": [1.5, 0, 0.75, 0.875], "rotation": 180, "texture": "#0"},
				"east": {"uv": [0, 2, 0.875, 2.6875], "rotation": 270, "texture": "#0"},
				"south": {"uv": [0.75, 0.875, 0, 0], "texture": "#0"},
				"west": {"uv": [1, 2, 1.875, 2.6875], "rotation": 90, "texture": "#0"},
				"up": {"uv": [3.25, 0, 4, 0.6875], "rotation": 180, "texture": "#0"},
				"down": {"uv": [3.25, 0.75, 4, 1.4375], "texture": "#0"}
			}
		},
		{
			"name": "Neck",
			"from": [6.9, 13.10036, 7.48437],
			"to": [9.1, 16.25036, 9.48437],
			"rotation": {"angle": 0, "axis": "x", "origin": [8, 9.18071, 7.1625]},
			"faces": {
				"north": {"uv": [3.25, 3.75, 3.8125, 4.5625], "texture": "#0"},
				"east": {"uv": [4, 1, 4.5, 1.8125], "texture": "#0"},
				"south": {"uv": [4, 0, 4.5625, 0.8125], "texture": "#0"},
				"west": {"uv": [4, 3.75, 4.5, 4.5625], "texture": "#0"},
				"up": {"uv": [2.8125, 2, 2.25, 1.5], "texture": "#0"},
				"down": {"uv": [0.5625, 4.25, 0, 4.75], "texture": "#0"}
			}
		},
		{
			"from": [6.65, 15.2, 6.15],
			"to": [9.35, 18.05, 9.65],
			"rotation": {"angle": 0, "axis": "x", "origin": [8, 9.18071, 7.1625]},
			"faces": {
				"north": {"uv": [2.5, 3.5, 3.1875, 4.1875], "texture": "#0"},
				"east": {"uv": [2.25, 0.75, 3.125, 1.4375], "texture": "#0"},
				"south": {"uv": [3.5, 3, 4.1875, 3.6875], "texture": "#0"},
				"west": {"uv": [0, 2.75, 0.875, 3.4375], "texture": "#0"},
				"up": {"uv": [1.6875, 3.625, 1, 2.75], "texture": "#0"},
				"down": {"uv": [2.4375, 2.75, 1.75, 3.625], "texture": "#0"}
			}
		},
		{
			"from": [10.67603, 17.29618, 8.4],
			"to": [11.17603, 18.29618, 8.9],
			"rotation": {"angle": 22.5, "axis": "z", "origin": [8, 9.18071, 7.1625]},
			"faces": {
				"north": {"uv": [6.25, 5.25, 6.375, 5.5], "texture": "#0"},
				"east": {"uv": [5.5, 6.25, 5.625, 6.5], "texture": "#0"},
				"south": {"uv": [6.25, 5.5, 6.375, 5.75], "texture": "#0"},
				"west": {"uv": [6, 6.25, 6.125, 6.5], "texture": "#0"},
				"up": {"uv": [0.375, 6.875, 0.25, 6.75], "texture": "#0"},
				"down": {"uv": [6.875, 0.25, 6.75, 0.375], "texture": "#0"}
			}
		},
		{
			"from": [9.42603, 17.29618, 8.4],
			"to": [9.92603, 18.29618, 8.9],
			"rotation": {"angle": 22.5, "axis": "z", "origin": [8, 9.18071, 7.1625]},
			"faces": {
				"north": {"uv": [6.25, 6.25, 6.375, 6.5], "texture": "#0"},
				"east": {"uv": [0, 6.5, 0.125, 6.75], "texture": "#0"},
				"south": {"uv": [6.5, 0, 6.625, 0.25], "texture": "#0"},
				"west": {"uv": [0.25, 6.5, 0.375, 6.75], "texture": "#0"},
				"up": {"uv": [0.625, 6.875, 0.5, 6.75], "texture": "#0"},
				"down": {"uv": [6.875, 0.5, 6.75, 0.625], "texture": "#0"}
			}
		},
		{
			"from": [9.92603, 18.29618, 8.4],
			"to": [10.67603, 18.79618, 8.9],
			"rotation": {"angle": 22.5, "axis": "z", "origin": [8, 9.18071, 7.1625]},
			"faces": {
				"north": {"uv": [2.75, 6.5, 2.9375, 6.625], "texture": "#0"},
				"east": {"uv": [0.75, 6.75, 0.875, 6.875], "texture": "#0"},
				"south": {"uv": [6.5, 2.75, 6.6875, 2.875], "texture": "#0"},
				"west": {"uv": [6.75, 0.75, 6.875, 0.875], "texture": "#0"},
				"up": {"uv": [3.1875, 6.625, 3, 6.5], "texture": "#0"},
				"down": {"uv": [6.6875, 3, 6.5, 3.125], "texture": "#0"}
			}
		},
		{
			"from": [9.92603, 17.29618, 8.9],
			"to": [10.67603, 18.29618, 9.4],
			"rotation": {"angle": 22.5, "axis": "z", "origin": [8, 9.18071, 7.1625]},
			"faces": {
				"north": {"uv": [6.25, 0.75, 6.4375, 1], "texture": "#0"},
				"east": {"uv": [6.5, 0.25, 6.625, 0.5], "texture": "#0"},
				"south": {"uv": [6.25, 1, 6.4375, 1.25], "texture": "#0"},
				"west": {"uv": [0.5, 6.5, 0.625, 6.75], "texture": "#0"},
				"up": {"uv": [3.4375, 6.625, 3.25, 6.5], "texture": "#0"},
				"down": {"uv": [6.6875, 3.25, 6.5, 3.375], "texture": "#0"}
			}
		},
		{
			"from": [12.42363, 15.48222, 8.4],
			"to": [12.92363, 16.13222, 8.9],
			"rotation": {"angle": 45, "axis": "z", "origin": [8, 9.18071, 7.1625]},
			"faces": {
				"north": {"uv": [3.5, 6.5, 3.625, 6.6875], "texture": "#0"},
				"east": {"uv": [6.5, 3.5, 6.625, 3.6875], "texture": "#0"},
				"south": {"uv": [3.75, 6.5, 3.875, 6.6875], "texture": "#0"},
				"west": {"uv": [6.5, 3.75, 6.625, 3.9375], "texture": "#0"},
				"up": {"uv": [1.125, 6.875, 1, 6.75], "texture": "#0"},
				"down": {"uv": [6.875, 1, 6.75, 1.125], "texture": "#0"}
			}
		},
		{
			"from": [9.67603, 18.29618, 8.4],
			"to": [9.92603, 18.54618, 8.9],
			"rotation": {"angle": 22.5, "axis": "z", "origin": [8, 9.18071, 7.1625]},
			"faces": {
				"north": {"uv": [7.75, 1.5, 7.8125, 1.5625], "texture": "#0"},
				"east": {"uv": [7, 7, 7.125, 7.0625], "texture": "#0"},
				"south": {"uv": [1.75, 7.75, 1.8125, 7.8125], "texture": "#0"},
				"west": {"uv": [0, 7.25, 0.125, 7.3125], "texture": "#0"},
				"up": {"uv": [7.3125, 0.125, 7.25, 0], "texture": "#0"},
				"down": {"uv": [0.3125, 7.25, 0.25, 7.375], "texture": "#0"}
			}
		},
		{
			"from": [10.67603, 18.29618, 8.4],
			"to": [10.92603, 18.54618, 8.9],
			"rotation": {"angle": 22.5, "axis": "z", "origin": [8, 9.18071, 7.1625]},
			"faces": {
				"north": {"uv": [7.75, 1.75, 7.8125, 1.8125], "texture": "#0"},
				"east": {"uv": [7.25, 0.25, 7.375, 0.3125], "texture": "#0"},
				"south": {"uv": [2, 7.75, 2.0625, 7.8125], "texture": "#0"},
				"west": {"uv": [0.5, 7.25, 0.625, 7.3125], "texture": "#0"},
				"up": {"uv": [7.3125, 0.625, 7.25, 0.5], "texture": "#0"},
				"down": {"uv": [0.8125, 7.25, 0.75, 7.375], "texture": "#0"}
			}
		},
		{
			"from": [10.55103, 18.17118, 8.4],
			"to": [10.67603, 18.29618, 8.9],
			"rotation": {"angle": 22.5, "axis": "z", "origin": [8, 9.18071, 7.1625]},
			"faces": {
				"north": {"uv": [7.75, 2, 7.8125, 2.0625], "texture": "#0"},
				"east": {"uv": [7.25, 0.75, 7.375, 0.8125], "texture": "#0"},
				"south": {"uv": [2.25, 7.75, 2.3125, 7.8125], "texture": "#0"},
				"west": {"uv": [1, 7.25, 1.125, 7.3125], "texture": "#0"},
				"up": {"uv": [7.3125, 1.125, 7.25, 1], "texture": "#0"},
				"down": {"uv": [1.3125, 7.25, 1.25, 7.375], "texture": "#0"}
			}
		},
		{
			"from": [9.92603, 18.17118, 8.4],
			"to": [10.05103, 18.29618, 8.9],
			"rotation": {"angle": 22.5, "axis": "z", "origin": [8, 9.18071, 7.1625]},
			"faces": {
				"north": {"uv": [7.75, 2.25, 7.8125, 2.3125], "texture": "#0"},
				"east": {"uv": [7.25, 1.25, 7.375, 1.3125], "texture": "#0"},
				"south": {"uv": [2.5, 7.75, 2.5625, 7.8125], "texture": "#0"},
				"west": {"uv": [1.5, 7.25, 1.625, 7.3125], "texture": "#0"},
				"up": {"uv": [7.3125, 1.625, 7.25, 1.5], "texture": "#0"},
				"down": {"uv": [1.8125, 7.25, 1.75, 7.375], "texture": "#0"}
			}
		},
		{
			"from": [9.67603, 17.29618, 8.9],
			"to": [9.92603, 18.29618, 9.15],
			"rotation": {"angle": 22.5, "axis": "z", "origin": [8, 9.18071, 7.1625]},
			"faces": {
				"north": {"uv": [1.25, 6.75, 1.3125, 7], "texture": "#0"},
				"east": {"uv": [6.75, 1.25, 6.8125, 1.5], "texture": "#0"},
				"south": {"uv": [1.5, 6.75, 1.5625, 7], "texture": "#0"},
				"west": {"uv": [6.75, 1.5, 6.8125, 1.75], "texture": "#0"},
				"up": {"uv": [7.8125, 2.5625, 7.75, 2.5], "texture": "#0"},
				"down": {"uv": [2.8125, 7.75, 2.75, 7.8125], "texture": "#0"}
			}
		},
		{
			"from": [10.67603, 17.29618, 8.9],
			"to": [10.92603, 18.29618, 9.15],
			"rotation": {"angle": 22.5, "axis": "z", "origin": [8, 9.18071, 7.1625]},
			"faces": {
				"north": {"uv": [1.75, 6.75, 1.8125, 7], "texture": "#0"},
				"east": {"uv": [6.75, 1.75, 6.8125, 2], "texture": "#0"},
				"south": {"uv": [2, 6.75, 2.0625, 7], "texture": "#0"},
				"west": {"uv": [6.75, 2, 6.8125, 2.25], "texture": "#0"},
				"up": {"uv": [7.8125, 2.8125, 7.75, 2.75], "texture": "#0"},
				"down": {"uv": [3.0625, 7.75, 3, 7.8125], "texture": "#0"}
			}
		},
		{
			"from": [9.92603, 18.29618, 8.9],
			"to": [10.67603, 18.54618, 9.15],
			"rotation": {"angle": 22.5, "axis": "z", "origin": [8, 9.18071, 7.1625]},
			"faces": {
				"north": {"uv": [4.25, 6.75, 4.4375, 6.8125], "texture": "#0"},
				"east": {"uv": [7.75, 3, 7.8125, 3.0625], "texture": "#0"},
				"south": {"uv": [6.75, 4.25, 6.9375, 4.3125], "texture": "#0"},
				"west": {"uv": [3.25, 7.75, 3.3125, 7.8125], "texture": "#0"},
				"up": {"uv": [4.6875, 6.8125, 4.5, 6.75], "texture": "#0"},
				"down": {"uv": [6.9375, 4.5, 6.75, 4.5625], "texture": "#0"}
			}
		},
		{
			"from": [12.65325, 15.68655, 8.9],
			"to": [12.90325, 16.03655, 9.15],
			"rotation": {"angle": 45, "axis": "z", "origin": [8, 9.18071, 7.1625]},
			"faces": {
				"north": {"uv": [7.75, 7.25, 7.8125, 7.3125], "texture": "#0"},
				"east": {"uv": [7.5, 7.75, 7.5625, 7.8125], "texture": "#0"},
				"south": {"uv": [7.75, 7.5, 7.8125, 7.5625], "texture": "#0"},
				"west": {"uv": [7.75, 7.75, 7.8125, 7.8125], "texture": "#0"},
				"up": {"uv": [0.0625, 8.0625, 0, 8], "texture": "#0"},
				"down": {"uv": [8.0625, 0, 8, 0.0625], "texture": "#0"}
			}
		},
		{
			"from": [3.09675, 15.68655, 8.9],
			"to": [3.34675, 16.03655, 9.15],
			"rotation": {"angle": -45, "axis": "z", "origin": [8, 9.18071, 7.1625]},
			"faces": {
				"north": {"uv": [0.25, 8, 0.3125, 8.0625], "texture": "#0"},
				"east": {"uv": [8, 0.25, 8.0625, 0.3125], "texture": "#0"},
				"south": {"uv": [0.5, 8, 0.5625, 8.0625], "texture": "#0"},
				"west": {"uv": [8, 0.5, 8.0625, 0.5625], "texture": "#0"},
				"up": {"uv": [0.8125, 8.0625, 0.75, 8], "texture": "#0"},
				"down": {"uv": [8.0625, 0.75, 8, 0.8125], "texture": "#0"}
			}
		},
		{
			"from": [3.07637, 15.48222, 8.4],
			"to": [3.57637, 16.13222, 8.9],
			"rotation": {"angle": -45, "axis": "z", "origin": [8, 9.18071, 7.1625]},
			"faces": {
				"north": {"uv": [4, 6.5, 4.125, 6.6875], "texture": "#0"},
				"east": {"uv": [6.5, 4, 6.625, 4.1875], "texture": "#0"},
				"south": {"uv": [4.25, 6.5, 4.375, 6.6875], "texture": "#0"},
				"west": {"uv": [6.5, 4.25, 6.625, 4.4375], "texture": "#0"},
				"up": {"uv": [2.375, 6.875, 2.25, 6.75], "texture": "#0"},
				"down": {"uv": [6.875, 2.25, 6.75, 2.375], "texture": "#0"}
			}
		},
		{
			"from": [5.32397, 18.29618, 8.9],
			"to": [6.07397, 18.54618, 9.15],
			"rotation": {"angle": -22.5, "axis": "z", "origin": [8, 9.18071, 7.1625]},
			"faces": {
				"north": {"uv": [4.75, 6.75, 4.9375, 6.8125], "texture": "#0"},
				"east": {"uv": [1, 8, 1.0625, 8.0625], "texture": "#0"},
				"south": {"uv": [6.75, 4.75, 6.9375, 4.8125], "texture": "#0"},
				"west": {"uv": [8, 1, 8.0625, 1.0625], "texture": "#0"},
				"up": {"uv": [5.1875, 6.8125, 5, 6.75], "texture": "#0"},
				"down": {"uv": [6.9375, 5, 6.75, 5.0625], "texture": "#0"}
			}
		},
		{
			"from": [5.07397, 17.29618, 8.9],
			"to": [5.32397, 18.29618, 9.15],
			"rotation": {"angle": -22.5, "axis": "z", "origin": [8, 9.18071, 7.1625]},
			"faces": {
				"north": {"uv": [2.5, 6.75, 2.5625, 7], "texture": "#0"},
				"east": {"uv": [6.75, 2.5, 6.8125, 2.75], "texture": "#0"},
				"south": {"uv": [2.75, 6.75, 2.8125, 7], "texture": "#0"},
				"west": {"uv": [6.75, 2.75, 6.8125, 3], "texture": "#0"},
				"up": {"uv": [1.3125, 8.0625, 1.25, 8], "texture": "#0"},
				"down": {"uv": [8.0625, 1.25, 8, 1.3125], "texture": "#0"}
			}
		},
		{
			"from": [6.07397, 17.29618, 8.9],
			"to": [6.32397, 18.29618, 9.15],
			"rotation": {"angle": -22.5, "axis": "z", "origin": [8, 9.18071, 7.1625]},
			"faces": {
				"north": {"uv": [3, 6.75, 3.0625, 7], "texture": "#0"},
				"east": {"uv": [6.75, 3, 6.8125, 3.25], "texture": "#0"},
				"south": {"uv": [3.25, 6.75, 3.3125, 7], "texture": "#0"},
				"west": {"uv": [6.75, 3.25, 6.8125, 3.5], "texture": "#0"},
				"up": {"uv": [1.5625, 8.0625, 1.5, 8], "texture": "#0"},
				"down": {"uv": [8.0625, 1.5, 8, 1.5625], "texture": "#0"}
			}
		},
		{
			"from": [5.94897, 18.17118, 8.4],
			"to": [6.07397, 18.29618, 8.9],
			"rotation": {"angle": -22.5, "axis": "z", "origin": [8, 9.18071, 7.1625]},
			"faces": {
				"north": {"uv": [1.75, 8, 1.8125, 8.0625], "texture": "#0"},
				"east": {"uv": [2.5, 7.5, 2.625, 7.5625], "texture": "#0"},
				"south": {"uv": [8, 1.75, 8.0625, 1.8125], "texture": "#0"},
				"west": {"uv": [7.5, 2.5, 7.625, 2.5625], "texture": "#0"},
				"up": {"uv": [2.8125, 7.625, 2.75, 7.5], "texture": "#0"},
				"down": {"uv": [7.5625, 2.75, 7.5, 2.875], "texture": "#0"}
			}
		},
		{
			"from": [5.32397, 18.17118, 8.4],
			"to": [5.44897, 18.29618, 8.9],
			"rotation": {"angle": -22.5, "axis": "z", "origin": [8, 9.18071, 7.1625]},
			"faces": {
				"north": {"uv": [2, 8, 2.0625, 8.0625], "texture": "#0"},
				"east": {"uv": [3, 7.5, 3.125, 7.5625], "texture": "#0"},
				"south": {"uv": [8, 2, 8.0625, 2.0625], "texture": "#0"},
				"west": {"uv": [7.5, 3, 7.625, 3.0625], "texture": "#0"},
				"up": {"uv": [3.3125, 7.625, 3.25, 7.5], "texture": "#0"},
				"down": {"uv": [7.5625, 3.25, 7.5, 3.375], "texture": "#0"}
			}
		},
		{
			"from": [5.07397, 18.29618, 8.4],
			"to": [5.32397, 18.54618, 8.9],
			"rotation": {"angle": -22.5, "axis": "z", "origin": [8, 9.18071, 7.1625]},
			"faces": {
				"north": {"uv": [2.25, 8, 2.3125, 8.0625], "texture": "#0"},
				"east": {"uv": [3.5, 7.5, 3.625, 7.5625], "texture": "#0"},
				"south": {"uv": [8, 2.25, 8.0625, 2.3125], "texture": "#0"},
				"west": {"uv": [7.5, 3.5, 7.625, 3.5625], "texture": "#0"},
				"up": {"uv": [3.8125, 7.625, 3.75, 7.5], "texture": "#0"},
				"down": {"uv": [7.5625, 3.75, 7.5, 3.875], "texture": "#0"}
			}
		},
		{
			"from": [6.07397, 18.29618, 8.4],
			"to": [6.32397, 18.54618, 8.9],
			"rotation": {"angle": -22.5, "axis": "z", "origin": [8, 9.18071, 7.1625]},
			"faces": {
				"north": {"uv": [2.5, 8, 2.5625, 8.0625], "texture": "#0"},
				"east": {"uv": [4, 7.5, 4.125, 7.5625], "texture": "#0"},
				"south": {"uv": [8, 2.5, 8.0625, 2.5625], "texture": "#0"},
				"west": {"uv": [7.5, 4, 7.625, 4.0625], "texture": "#0"},
				"up": {"uv": [4.3125, 7.625, 4.25, 7.5], "texture": "#0"},
				"down": {"uv": [7.5625, 4.25, 7.5, 4.375], "texture": "#0"}
			}
		},
		{
			"from": [5.32397, 17.29618, 8.9],
			"to": [6.07397, 18.29618, 9.4],
			"rotation": {"angle": -22.5, "axis": "z", "origin": [8, 9.18071, 7.1625]},
			"faces": {
				"north": {"uv": [6.25, 2.75, 6.4375, 3], "texture": "#0"},
				"east": {"uv": [1.25, 6.5, 1.375, 6.75], "texture": "#0"},
				"south": {"uv": [6.25, 3, 6.4375, 3.25], "texture": "#0"},
				"west": {"uv": [1.5, 6.5, 1.625, 6.75], "texture": "#0"},
				"up": {"uv": [4.6875, 6.625, 4.5, 6.5], "texture": "#0"},
				"down": {"uv": [6.6875, 4.5, 6.5, 4.625], "texture": "#0"}
			}
		},
		{
			"from": [5.32397, 18.29618, 8.4],
			"to": [6.07397, 18.79618, 8.9],
			"rotation": {"angle": -22.5, "axis": "z", "origin": [8, 9.18071, 7.1625]},
			"faces": {
				"north": {"uv": [4.75, 6.5, 4.9375, 6.625], "texture": "#0"},
				"east": {"uv": [3.5, 6.75, 3.625, 6.875], "texture": "#0"},
				"south": {"uv": [6.5, 4.75, 6.6875, 4.875], "texture": "#0"},
				"west": {"uv": [6.75, 3.5, 6.875, 3.625], "texture": "#0"},
				"up": {"uv": [5.1875, 6.625, 5, 6.5], "texture": "#0"},
				"down": {"uv": [6.6875, 5, 6.5, 5.125], "texture": "#0"}
			}
		},
		{
			"from": [6.07397, 17.29618, 8.4],
			"to": [6.57397, 18.29618, 8.9],
			"rotation": {"angle": -22.5, "axis": "z", "origin": [8, 9.18071, 7.1625]},
			"faces": {
				"north": {"uv": [6.5, 1.5, 6.625, 1.75], "texture": "#0"},
				"east": {"uv": [1.75, 6.5, 1.875, 6.75], "texture": "#0"},
				"south": {"uv": [6.5, 1.75, 6.625, 2], "texture": "#0"},
				"west": {"uv": [2, 6.5, 2.125, 6.75], "texture": "#0"},
				"up": {"uv": [3.875, 6.875, 3.75, 6.75], "texture": "#0"},
				"down": {"uv": [6.875, 3.75, 6.75, 3.875], "texture": "#0"}
			}
		},
		{
			"from": [4.82397, 17.29618, 8.4],
			"to": [5.32397, 18.29618, 8.9],
			"rotation": {"angle": -22.5, "axis": "z", "origin": [8, 9.18071, 7.1625]},
			"faces": {
				"north": {"uv": [6.5, 2, 6.625, 2.25], "texture": "#0"},
				"east": {"uv": [2.25, 6.5, 2.375, 6.75], "texture": "#0"},
				"south": {"uv": [6.5, 2.25, 6.625, 2.5], "texture": "#0"},
				"west": {"uv": [2.5, 6.5, 2.625, 6.75], "texture": "#0"},
				"up": {"uv": [4.125, 6.875, 4, 6.75], "texture": "#0"},
				"down": {"uv": [6.875, 4, 6.75, 4.125], "texture": "#0"}
			}
		},
		{
			"from": [7.05, 15.2, 4.6],
			"to": [7.3, 16.65, 6.15],
			"rotation": {"angle": 0, "axis": "x", "origin": [8, 9.18071, 7.1625]},
			"faces": {
				"north": {"uv": [5.25, 6.5, 5.3125, 6.875], "texture": "#0"},
				"east": {"uv": [5, 4.5, 5.375, 4.875], "texture": "#0"},
				"south": {"uv": [6.5, 5.25, 6.5625, 5.625], "texture": "#0"},
				"west": {"uv": [5, 5, 5.375, 5.375], "texture": "#0"},
				"up": {"uv": [5.5625, 6.875, 5.5, 6.5], "texture": "#0"},
				"down": {"uv": [5.8125, 6.5, 5.75, 6.875], "texture": "#0"}
			}
		},
		{
			"from": [8.7, 15.2, 4.6],
			"to": [8.95, 16.65, 6.15],
			"rotation": {"angle": 0, "axis": "x", "origin": [8, 9.18071, 7.1625]},
			"faces": {
				"north": {"uv": [6.5, 5.75, 6.5625, 6.125], "texture": "#0"},
				"east": {"uv": [0, 5.25, 0.375, 5.625], "texture": "#0"},
				"south": {"uv": [6, 6.5, 6.0625, 6.875], "texture": "#0"},
				"west": {"uv": [5.25, 0, 5.625, 0.375], "texture": "#0"},
				"up": {"uv": [6.3125, 6.875, 6.25, 6.5], "texture": "#0"},
				"down": {"uv": [6.5625, 6.25, 6.5, 6.625], "texture": "#0"}
			}
		},
		{
			"from": [7.3, 15.2, 4.2],
			"to": [8.7, 16.65, 6.15],
			"rotation": {"angle": 0, "axis": "x", "origin": [8, 9.18071, 7.1625]},
			"faces": {
				"north": {"uv": [5, 4, 5.375, 4.375], "texture": "#0"},
				"east": {"uv": [0, 4.75, 0.5, 5.125], "texture": "#0"},
				"south": {"uv": [4.5, 5, 4.875, 5.375], "texture": "#0"},
				"west": {"uv": [4.75, 0, 5.25, 0.375], "texture": "#0"},
				"up": {"uv": [5.125, 1, 4.75, 0.5], "texture": "#0"},
				"down": {"uv": [5.125, 1.75, 4.75, 2.25], "texture": "#0"}
			}
		}
	],
	"display": {
		"thirdperson_righthand": {
			"rotation": [90, 0, 0],
			"translation": [-6, -1.75, 0],
			"scale": [1.5, 1.5, 1.5]
		},
		"head": {
			"translation": [0, -21.65, 0],
			"scale": [1.2, 1.2, 1.2]
		}
	},
	"groups": [
		{
			"name": "LFL",
			"origin": [6.75, 2.27592, 4.68064],
			"color": 0,
			"children": [0, 1, 2, 3, 4, 5, 6, 7, 8, 9, 10, 11]
		},
		{
			"name": "RFL",
			"origin": [15.25, 0, -0.3],
			"color": 0,
			"children": [12, 13, 14, 15, 16, 17, 18, 19, 20, 21, 22, 23]
		},
		{
			"name": "LBL",
			"origin": [0, 0, 0],
			"color": 0,
			"children": [24, 25, 26, 27, 28, 29, 30, 31, 32, 33, 34, 35]
		},
		{
			"name": "RBL",
			"origin": [15.25, 0, 8.25],
			"color": 0,
			"children": [36, 37, 38, 39, 40, 41, 42, 43, 44, 45, 46, 47]
		},
		{
			"name": "Tail",
			"origin": [8, 4.12479, 15.05105],
			"color": 0,
			"children": [48, 49, 50, 51, 52, 53, 54]
		},
		{
			"name": "Body",
			"origin": [0, 0, 0],
			"color": 0,
			"children": [55, 56, 57]
		},
		58,
		{
			"name": "Head",
			"origin": [0, 0, 0],
			"color": 0,
			"children": [
				59,
				{
					"name": "LEar",
					"origin": [6.74962, 7.95571, 2.025],
					"color": 0,
					"children": [60, 61, 62, 63, 64, 65, 66, 67, 68, 69, 70, 71, 72]
				},
				{
					"name": "REar",
					"origin": [9.275, 9.975, 1.9],
					"color": 0,
					"children": [73, 74, 75, 76, 77, 78, 79, 80, 81, 82, 83, 84, 85]
				},
				86,
				87,
				88
			]
		}
	]
}