{
	"credit": "Made with Blockbench",
	"texture_size": [32, 32],
	"textures": {
		"0": "entity/ostrichegg",
		"particle": "entity/ostrichegg"
	},
	"elements": [
		{
			"from": [6.5, 0, 6.5],
			"to": [9.5, 0.5, 9.5],
			"rotation": {"angle": 0, "axis": "y", "origin": [0, 0, 7.5]},
			"faces": {
				"north": {"uv": [6, 1.5, 7.5, 1.75], "texture": "#0"},
				"east": {"uv": [6.5, 5, 8, 5.25], "texture": "#0"},
				"south": {"uv": [6.5, 5.5, 8, 5.75], "texture": "#0"},
				"west": {"uv": [6.5, 6, 8, 6.25], "texture": "#0"},
				"up": {"uv": [3.5, 5.5, 2, 4], "texture": "#0"},
				"down": {"uv": [5.5, 2, 4, 3.5], "texture": "#0"}
			}
		},
		{
			"from": [6.25, 0.5, 6.25],
			"to": [9.75, 4.5, 9.75],
			"rotation": {"angle": 0, "axis": "y", "origin": [0, 0, 7.5]},
			"faces": {
				"north": {"uv": [0, 0, 1.75, 2], "texture": "#0"},
				"east": {"uv": [0, 2, 1.75, 4], "texture": "#0"},
				"south": {"uv": [2, 0, 3.75, 2], "texture": "#0"},
				"west": {"uv": [2, 2, 3.75, 4], "texture": "#0"},
				"up": {"uv": [1.75, 5.75, 0, 4], "texture": "#0"},
				"down": {"uv": [5.75, 0, 4, 1.75], "texture": "#0"}
			}
		},
		{
			"from": [5.9, 1, 6.75],
			"to": [6.25, 4, 9.25],
			"rotation": {"angle": 0, "axis": "y", "origin": [0, 0, 7.5]},
			"faces": {
				"north": {"uv": [3, 7, 3.125, 8.5], "texture": "#0"},
				"east": {"uv": [3.5, 4, 4.75, 5.5], "texture": "#0"},
				"south": {"uv": [3.5, 7, 3.625, 8.5], "texture": "#0"},
				"west": {"uv": [5, 3.5, 6.25, 5], "texture": "#0"},
				"up": {"uv": [0.625, 8.75, 0.5, 7.5], "texture": "#0"},
				"down": {"uv": [1.125, 7.5, 1, 8.75], "texture": "#0"}
			}
		},
		{
			"from": [9.75, 1, 6.75],
			"to": [10.1, 4, 9.25],
			"rotation": {"angle": 0, "axis": "y", "origin": [16, 0, 7.5]},
			"faces": {
				"north": {"uv": [4, 7, 4.125, 8.5], "texture": "#0"},
				"east": {"uv": [5, 5, 6.25, 6.5], "texture": "#0"},
				"south": {"uv": [4.5, 7, 4.625, 8.5], "texture": "#0"},
				"west": {"uv": [2, 5.5, 3.25, 7], "texture": "#0"},
				"up": {"uv": [1.625, 8.75, 1.5, 7.5], "texture": "#0"},
				"down": {"uv": [2.125, 7.5, 2, 8.75], "texture": "#0"}
			}
		},
		{
			"from": [6.75, 1, 5.9],
			"to": [9.25, 4, 6.25],
			"rotation": {"angle": 0, "axis": "y", "origin": [8.175, 2.5, 8]},
			"faces": {
				"north": {"uv": [5.5, 2, 6.75, 3.5], "texture": "#0"},
				"east": {"uv": [6.5, 7, 6.625, 8.5], "texture": "#0"},
				"south": {"uv": [3.5, 5.5, 4.75, 7], "texture": "#0"},
				"west": {"uv": [7, 7, 7.125, 8.5], "texture": "#0"},
				"up": {"uv": [8.25, 3.125, 7, 3], "texture": "#0"},
				"down": {"uv": [8.75, 1.5, 7.5, 1.625], "texture": "#0"}
			}
		},
		{
			"from": [6.75, 1, 9.75],
			"to": [9.25, 4, 10.1],
			"rotation": {"angle": 0, "axis": "y", "origin": [8.175, 2.5, 8]},
			"faces": {
				"north": {"uv": [0, 6, 1.25, 7.5], "texture": "#0"},
				"east": {"uv": [0, 7.5, 0.125, 9], "texture": "#0"},
				"south": {"uv": [6, 0, 7.25, 1.5], "texture": "#0"},
				"west": {"uv": [7.5, 0, 7.625, 1.5], "texture": "#0"},
				"up": {"uv": [8.75, 7.125, 7.5, 7], "texture": "#0"},
				"down": {"uv": [8.75, 7.5, 7.5, 7.625], "texture": "#0"}
			}
		},
		{
			"from": [6.75, 4.5, 6.75],
			"to": [9.25, 5, 9.25],
			"rotation": {"angle": 0, "axis": "y", "origin": [0, 0, 7.5]},
			"faces": {
				"north": {"uv": [6.5, 6.5, 7.75, 6.75], "texture": "#0"},
				"east": {"uv": [1.5, 7, 2.75, 7.25], "texture": "#0"},
				"south": {"uv": [7, 2, 8.25, 2.25], "texture": "#0"},
				"west": {"uv": [7, 2.5, 8.25, 2.75], "texture": "#0"},
				"up": {"uv": [7.75, 4.75, 6.5, 3.5], "texture": "#0"},
				"down": {"uv": [6.25, 6.5, 5, 7.75], "texture": "#0"}
			}
		},
		{
			"from": [7.5, 5, 7.5],
			"to": [8.5, 5.25, 8.5],
			"rotation": {"angle": 0, "axis": "y", "origin": [0, 0, 7.5]},
			"faces": {
				"north": {"uv": [1.5, 6, 2, 6.125], "texture": "#0"},
				"east": {"uv": [1.5, 6.5, 2, 6.625], "texture": "#0"},
				"south": {"uv": [2.5, 7.5, 3, 7.625], "texture": "#0"},
				"west": {"uv": [8, 0, 8.5, 0.125], "texture": "#0"},
				"up": {"uv": [4.5, 4, 4, 3.5], "texture": "#0"},
				"down": {"uv": [5, 3.5, 4.5, 4], "texture": "#0"}
			}
		}
	],
	"display": {
		"head": {
			"translation": [0, -15.5, 0],
			"scale": [2, 2, 2]
		}
	}
}