{
	"credit": "Made with Blockbench",
	"texture_size": [64, 64],
	"textures": {
		"main": "entity/elephantstanding"
	},
	"elements": [
		{
			"name": "Head",
			"from": [6.75, 14.82729, 8.84364],
			"to": [9.25, 17.27729, 11.84364],
			"rotation": {"angle": 0, "axis": "x", "origin": [8, 16.29183, 8.13546]},
			"faces": {
				"north": {"uv": [9.0625, 1.875, 8.75, 2.1875], "rotation": 180, "texture": "#main"},
				"east": {"uv": [9.75, 1.75, 10.0625, 2.125], "rotation": 270, "texture": "#main"},
				"south": {"uv": [8.6875, 2.1875, 8.375, 1.875], "texture": "#main"},
				"west": {"uv": [9.875, 0, 10.1875, 0.375], "rotation": 90, "texture": "#main"},
				"up": {"uv": [9.75, 1.375, 10.0625, 1.75], "rotation": 180, "texture": "#main"},
				"down": {"uv": [8, 1.875, 8.3125, 2.25], "texture": "#main"}
			}
		},
		{
			"name": "Neck",
			"from": [7, 12.83483, 9.01421],
			"to": [9, 14.93483, 11.01421],
			"rotation": {"angle": 0, "axis": "x", "origin": [8, 12.88483, 10.76421]},
			"faces": {
				"north": {"uv": [9, 2.25, 8.75, 2.5], "rotation": 180, "texture": "#main"},
				"east": {"uv": [8, 2.25, 8.25, 2.5], "rotation": 270, "texture": "#main"},
				"south": {"uv": [8.75, 2.5, 8.5, 2.25], "texture": "#main"},
				"west": {"uv": [8.25, 2.25, 8.5, 2.5], "rotation": 90, "texture": "#main"},
				"up": {"uv": [10.125, 0.75, 10.375, 1], "rotation": 180, "texture": "#main"},
				"down": {"uv": [10.25, 0, 10.5, 0.25], "texture": "#main"}
			}
		},
		{
			"from": [6.05, 2.17198, 7.90639],
			"to": [7.45, 4.77198, 9.55639],
			"rotation": {"angle": 22.5, "axis": "x", "origin": [6.75, 1.67198, 9.60639]},
			"faces": {
				"north": {"uv": [10.375, 2.125, 10.5625, 2.4375], "texture": "#main"},
				"east": {"uv": [9.875, 2.125, 10.09375, 2.4375], "texture": "#main"},
				"south": {"uv": [8, 2.5, 8.1875, 2.8125], "texture": "#main"},
				"west": {"uv": [10.125, 2.125, 10.34375, 2.4375], "texture": "#main"},
				"up": {"uv": [10.5625, 2.71875, 10.375, 2.5], "texture": "#main"},
				"down": {"uv": [10.8125, 0, 10.625, 0.21875], "texture": "#main"}
			}
		},
		{
			"from": [6.15, 1.75, 9.15],
			"to": [7.35, 3.1, 10.35],
			"rotation": {"angle": -22.5, "axis": "x", "origin": [6.75, 1.375, 10]},
			"faces": {
				"north": {"uv": [10.875, 0, 11.03125, 0.15625], "texture": "#main"},
				"east": {"uv": [8.25, 2.875, 8.40625, 3.03125], "texture": "#main"},
				"south": {"uv": [10.875, 0.25, 11.03125, 0.40625], "texture": "#main"},
				"west": {"uv": [10.875, 0.5, 11.03125, 0.65625], "texture": "#main"},
				"up": {"uv": [11.03125, 0.90625, 10.875, 0.75], "texture": "#main"},
				"down": {"uv": [9.03125, 2.875, 8.875, 3.03125], "texture": "#main"}
			}
		},
		{
			"from": [6.1, 0, 9.35],
			"to": [7.4, 0.75, 10.65],
			"rotation": {"angle": 0, "axis": "y", "origin": [16.75, 0, 0]},
			"faces": {
				"north": {"uv": [11.25, 2, 11.40625, 2.09375], "texture": "#main"},
				"east": {"uv": [10.125, 3.25, 10.28125, 3.34375], "texture": "#main"},
				"south": {"uv": [11.25, 2.125, 11.40625, 2.21875], "texture": "#main"},
				"west": {"uv": [11.25, 2.25, 11.40625, 2.34375], "texture": "#main"},
				"up": {"uv": [11.03125, 2.65625, 10.875, 2.5], "texture": "#main"},
				"down": {"uv": [11.03125, 2.75, 10.875, 2.90625], "texture": "#main"}
			}
		},
		{
			"from": [6.25, 0.5, 9.25],
			"to": [7.25, 1.75, 10.25],
			"rotation": {"angle": -22.5, "axis": "x", "origin": [6.75, 1.375, 10]},
			"faces": {
				"north": {"uv": [8.375, 3.125, 8.5, 3.28125], "texture": "#main"},
				"east": {"uv": [11.125, 0.5, 11.25, 0.65625], "texture": "#main"},
				"south": {"uv": [11.125, 0.75, 11.25, 0.90625], "texture": "#main"},
				"west": {"uv": [8.875, 3.125, 9, 3.28125], "texture": "#main"},
				"up": {"uv": [11.375, 0.875, 11.25, 0.75], "texture": "#main"},
				"down": {"uv": [11.375, 0.875, 11.25, 1], "texture": "#main"}
			}
		},
		{
			"from": [8.75, 0.5, 9.25],
			"to": [9.75, 1.75, 10.25],
			"rotation": {"angle": -22.5, "axis": "x", "origin": [9.25, 1.375, 10]},
			"faces": {
				"north": {"uv": [11.125, 0, 11.25, 0.15625], "texture": "#main"},
				"east": {"uv": [8.125, 3.125, 8.25, 3.28125], "texture": "#main"},
				"south": {"uv": [8.25, 3.125, 8.375, 3.28125], "texture": "#main"},
				"west": {"uv": [11.125, 0.25, 11.25, 0.40625], "texture": "#main"},
				"up": {"uv": [11.125, 2.5, 11, 2.375], "texture": "#main"},
				"down": {"uv": [8.875, 3.25, 8.75, 3.375], "texture": "#main"}
			}
		},
		{
			"from": [8.6, 0, 9.35],
			"to": [9.9, 0.75, 10.65],
			"rotation": {"angle": 0, "axis": "y", "origin": [-0.75, 0, 0]},
			"faces": {
				"north": {"uv": [9.625, 3.25, 9.78125, 3.34375], "texture": "#main"},
				"east": {"uv": [11.25, 1.625, 11.40625, 1.71875], "texture": "#main"},
				"south": {"uv": [11.25, 1.75, 11.40625, 1.84375], "texture": "#main"},
				"west": {"uv": [11.25, 1.875, 11.40625, 1.96875], "texture": "#main"},
				"up": {"uv": [10.90625, 1.90625, 10.75, 1.75], "texture": "#main"},
				"down": {"uv": [10.03125, 2.75, 9.875, 2.90625], "texture": "#main"}
			}
		},
		{
			"from": [8.65, 1.75, 9.15],
			"to": [9.85, 3.1, 10.35],
			"rotation": {"angle": -22.5, "axis": "x", "origin": [9.25, 1.375, 10]},
			"faces": {
				"north": {"uv": [10.75, 2, 10.90625, 2.15625], "texture": "#main"},
				"east": {"uv": [10.125, 2.75, 10.28125, 2.90625], "texture": "#main"},
				"south": {"uv": [10.75, 2.25, 10.90625, 2.40625], "texture": "#main"},
				"west": {"uv": [10.375, 2.75, 10.53125, 2.90625], "texture": "#main"},
				"up": {"uv": [10.78125, 2.90625, 10.625, 2.75], "texture": "#main"},
				"down": {"uv": [8.15625, 2.875, 8, 3.03125], "texture": "#main"}
			}
		},
		{
			"from": [8.55, 2.17198, 7.90639],
			"to": [9.95, 4.77198, 9.55639],
			"rotation": {"angle": 22.5, "axis": "x", "origin": [9.25, 1.67198, 9.60639]},
			"faces": {
				"north": {"uv": [10.25, 1, 10.4375, 1.3125], "texture": "#main"},
				"east": {"uv": [9.5, 0.5, 9.71875, 0.8125], "texture": "#main"},
				"south": {"uv": [10.375, 1.75, 10.5625, 2.0625], "texture": "#main"},
				"west": {"uv": [10.125, 1.75, 10.34375, 2.0625], "texture": "#main"},
				"up": {"uv": [10.6875, 1.46875, 10.5, 1.25], "texture": "#main"},
				"down": {"uv": [9.5625, 2.5, 9.375, 2.71875], "texture": "#main"}
			}
		},
		{
			"from": [6.1, 11.70005, 5.29346],
			"to": [7.4, 12.45005, 6.59346],
			"rotation": {"angle": -45, "axis": "x", "origin": [8, 11.13857, 6.72914]},
			"faces": {
				"north": {"uv": [10.375, 3.25, 10.53125, 3.34375], "texture": "#main"},
				"east": {"uv": [11.25, 2.375, 11.40625, 2.46875], "texture": "#main"},
				"south": {"uv": [11.25, 2.5, 11.40625, 2.59375], "texture": "#main"},
				"west": {"uv": [10.625, 3.25, 10.78125, 3.34375], "texture": "#main"},
				"up": {"uv": [9.78125, 3.15625, 9.625, 3], "texture": "#main"},
				"down": {"uv": [11.15625, 1.75, 11, 1.90625], "texture": "#main"}
			}
		},
		{
			"from": [6.25, 10.46242, 5.47635],
			"to": [7.25, 11.46242, 6.72635],
			"rotation": {"angle": 22.5, "axis": "x", "origin": [8, 11.13857, 6.72914]},
			"faces": {
				"north": {"uv": [9.25, 3.25, 9.125, 3.375], "rotation": 180, "texture": "#main"},
				"east": {"uv": [9.875, 3.125, 10, 3.28125], "rotation": 270, "texture": "#main"},
				"south": {"uv": [11.375, 1.125, 11.25, 1], "texture": "#main"},
				"west": {"uv": [11.125, 2.125, 11.25, 2.28125], "rotation": 90, "texture": "#main"},
				"up": {"uv": [9, 3.125, 9.125, 3.28125], "rotation": 180, "texture": "#main"},
				"down": {"uv": [10, 3.125, 10.125, 3.28125], "texture": "#main"}
			}
		},
		{
			"from": [6.15, 10.36242, 6.72635],
			"to": [7.35, 11.56242, 7.97635],
			"rotation": {"angle": 22.5, "axis": "x", "origin": [8, 11.13857, 6.72914]},
			"faces": {
				"north": {"uv": [11.15625, 1.5, 11, 1.65625], "rotation": 180, "texture": "#main"},
				"east": {"uv": [11, 1, 11.15625, 1.15625], "rotation": 270, "texture": "#main"},
				"south": {"uv": [9.53125, 3.15625, 9.375, 3], "texture": "#main"},
				"west": {"uv": [11, 1.25, 11.15625, 1.40625], "rotation": 90, "texture": "#main"},
				"up": {"uv": [8.5, 3, 8.65625, 3.15625], "rotation": 180, "texture": "#main"},
				"down": {"uv": [9.125, 3, 9.28125, 3.15625], "texture": "#main"}
			}
		},
		{
			"from": [6.05, 10.69357, 7.1325],
			"to": [7.45, 12.44357, 8.5325],
			"rotation": {"angle": 22.5, "axis": "x", "origin": [8, 11.13857, 6.72914]},
			"faces": {
				"north": {"uv": [10.5, 1.5, 10.6875, 1.71875], "texture": "#main"},
				"east": {"uv": [9.625, 2.5, 9.8125, 2.71875], "texture": "#main"},
				"south": {"uv": [9.875, 2.5, 10.0625, 2.71875], "texture": "#main"},
				"west": {"uv": [10.125, 2.5, 10.3125, 2.71875], "texture": "#main"},
				"up": {"uv": [10.8125, 0.9375, 10.625, 0.75], "texture": "#main"},
				"down": {"uv": [9.0625, 2.625, 8.875, 2.8125], "texture": "#main"}
			}
		},
		{
			"from": [8.6, 11.70005, 5.29346],
			"to": [9.9, 12.45005, 6.59346],
			"rotation": {"angle": -45, "axis": "x", "origin": [8, 11.13857, 6.72914]},
			"faces": {
				"north": {"uv": [11.25, 1.25, 11.40625, 1.34375], "texture": "#main"},
				"east": {"uv": [9.375, 3.25, 9.53125, 3.34375], "texture": "#main"},
				"south": {"uv": [11.25, 1.375, 11.40625, 1.46875], "texture": "#main"},
				"west": {"uv": [11.25, 1.5, 11.40625, 1.59375], "texture": "#main"},
				"up": {"uv": [10.78125, 2.65625, 10.625, 2.5], "texture": "#main"},
				"down": {"uv": [8.78125, 2.75, 8.625, 2.90625], "texture": "#main"}
			}
		},
		{
			"from": [8.75, 10.46242, 5.47635],
			"to": [9.75, 11.46242, 6.72635],
			"rotation": {"angle": 22.5, "axis": "x", "origin": [8, 11.13857, 6.72914]},
			"faces": {
				"north": {"uv": [8.625, 2.875, 8.5, 3], "rotation": 180, "texture": "#main"},
				"east": {"uv": [10.875, 3, 11, 3.15625], "rotation": 270, "texture": "#main"},
				"south": {"uv": [9, 2.625, 8.875, 2.5], "texture": "#main"},
				"west": {"uv": [8, 3.125, 8.125, 3.28125], "rotation": 90, "texture": "#main"},
				"up": {"uv": [10.75, 3, 10.875, 3.15625], "rotation": 180, "texture": "#main"},
				"down": {"uv": [11, 3, 11.125, 3.15625], "texture": "#main"}
			}
		},
		{
			"from": [8.65, 10.36242, 6.72635],
			"to": [9.85, 11.56242, 7.97635],
			"rotation": {"angle": 22.5, "axis": "x", "origin": [8, 11.13857, 6.72914]},
			"faces": {
				"north": {"uv": [9.78125, 2.75, 9.625, 2.90625], "rotation": 180, "texture": "#main"},
				"east": {"uv": [9.125, 2.75, 9.28125, 2.90625], "rotation": 270, "texture": "#main"},
				"south": {"uv": [10.90625, 1.65625, 10.75, 1.5], "texture": "#main"},
				"west": {"uv": [9.375, 2.75, 9.53125, 2.90625], "rotation": 90, "texture": "#main"},
				"up": {"uv": [10.75, 1, 10.90625, 1.15625], "rotation": 180, "texture": "#main"},
				"down": {"uv": [10.75, 1.25, 10.90625, 1.40625], "texture": "#main"}
			}
		},
		{
			"from": [8.55, 10.69357, 7.1325],
			"to": [9.95, 12.44357, 8.5325],
			"rotation": {"angle": 22.5, "axis": "x", "origin": [8, 11.13857, 6.72914]},
			"faces": {
				"north": {"uv": [10.375, 0.75, 10.5625, 0.96875], "texture": "#main"},
				"east": {"uv": [8.625, 2.5, 8.8125, 2.71875], "texture": "#main"},
				"south": {"uv": [10.5, 1, 10.6875, 1.21875], "texture": "#main"},
				"west": {"uv": [9.125, 2.5, 9.3125, 2.71875], "texture": "#main"},
				"up": {"uv": [10.8125, 0.4375, 10.625, 0.25], "texture": "#main"},
				"down": {"uv": [10.8125, 0.5, 10.625, 0.6875], "texture": "#main"}
			}
		},
		{
			"from": [6.25, 9.78921, 7.61517],
			"to": [9.75, 12.88921, 11.11517],
			"rotation": {"angle": 0, "axis": "x", "origin": [8, 9.01202, 7.37719]},
			"faces": {
				"north": {"uv": [8.4375, 1.5, 8, 1.875], "rotation": 180, "texture": "#main"},
				"east": {"uv": [8.875, 1.375, 9.25, 1.8125], "rotation": 270, "texture": "#main"},
				"south": {"uv": [9.6875, 1.75, 9.25, 1.375], "texture": "#main"},
				"west": {"uv": [9.375, 0.875, 9.75, 1.3125], "rotation": 90, "texture": "#main"},
				"up": {"uv": [8.5, 0, 8.9375, 0.4375], "rotation": 180, "texture": "#main"},
				"down": {"uv": [8.5, 0.5, 8.9375, 0.9375], "texture": "#main"}
			}
		},
		{
			"from": [6.15, 6.68921, 7.41517],
			"to": [9.85, 9.78921, 10.91517],
			"rotation": {"angle": 0, "axis": "x", "origin": [8, 9.01202, 7.37719]},
			"faces": {
				"north": {"uv": [9.46875, 0.5, 9, 0.875], "rotation": 180, "texture": "#main"},
				"east": {"uv": [9, 0.875, 9.375, 1.3125], "rotation": 270, "texture": "#main"},
				"south": {"uv": [8.96875, 1.375, 8.5, 1], "texture": "#main"},
				"west": {"uv": [8.5, 1.375, 8.875, 1.8125], "rotation": 90, "texture": "#main"},
				"up": {"uv": [8, 0, 8.46875, 0.4375], "rotation": 180, "texture": "#main"},
				"down": {"uv": [8, 0.5, 8.46875, 0.9375], "texture": "#main"}
			}
		},
		{
			"from": [6.25, 3.58921, 7.61517],
			"to": [9.75, 6.68921, 11.11517],
			"rotation": {"angle": 0, "axis": "x", "origin": [8, 9.01202, 7.37719]},
			"faces": {
				"north": {"uv": [9.6875, 1.75, 9.25, 2.125], "rotation": 180, "texture": "#main"},
				"east": {"uv": [9.5, 0, 9.875, 0.4375], "rotation": 270, "texture": "#main"},
				"south": {"uv": [10.1875, 1.375, 9.75, 1], "texture": "#main"},
				"west": {"uv": [9.75, 0.5, 10.125, 0.9375], "rotation": 90, "texture": "#main"},
				"up": {"uv": [8, 1, 8.4375, 1.4375], "rotation": 180, "texture": "#main"},
				"down": {"uv": [9, 0, 9.4375, 0.4375], "texture": "#main"}
			}
		},
		{
			"from": [7.7, 2.1796, 10.60645],
			"to": [8.3, 2.7296, 13.10645],
			"rotation": {"angle": 22.5, "axis": "x", "origin": [8, 2.93111, 14.22286]},
			"faces": {
				"north": {"uv": [11.8125, 2.6875, 11.75, 2.625], "rotation": 180, "texture": "#main"},
				"east": {"uv": [11.125, 2.75, 11.1875, 3.0625], "rotation": 90, "texture": "#main"},
				"south": {"uv": [11.6875, 3.75, 11.625, 3.8125], "texture": "#main"},
				"west": {"uv": [11.25, 0, 11.3125, 0.3125], "rotation": 270, "texture": "#main"},
				"up": {"uv": [11.125, 3.125, 11.1875, 3.4375], "texture": "#main"},
				"down": {"uv": [11.125, 2.375, 11.1875, 2.6875], "rotation": 180, "texture": "#main"}
			}
		},
		{
			"from": [7.75, 2.64077, 12.91648],
			"to": [8.25, 3.14077, 14.16648],
			"rotation": {"angle": 0, "axis": "x", "origin": [8, 2.89077, 15.06648]},
			"faces": {
				"north": {"uv": [11.8125, 3.8125, 11.75, 3.75], "rotation": 180, "texture": "#main"},
				"east": {"uv": [9.75, 3.375, 9.8125, 3.53125], "rotation": 90, "texture": "#main"},
				"south": {"uv": [8.0625, 3.875, 8, 3.9375], "texture": "#main"},
				"west": {"uv": [10, 3.375, 10.0625, 3.53125], "rotation": 270, "texture": "#main"},
				"up": {"uv": [9.875, 3.375, 9.9375, 3.53125], "texture": "#main"},
				"down": {"uv": [9.625, 3.375, 9.6875, 3.53125], "rotation": 180, "texture": "#main"}
			}
		},
		{
			"from": [7.75, 2.64077, 14.16648],
			"to": [8.25, 3.14077, 15.41648],
			"rotation": {"angle": 0, "axis": "x", "origin": [8, 2.89077, 15.06648]},
			"faces": {
				"north": {"uv": [11.9375, 0.0625, 11.875, 0], "rotation": 180, "texture": "#main"},
				"east": {"uv": [10.25, 3.375, 10.3125, 3.53125], "rotation": 90, "texture": "#main"},
				"south": {"uv": [8.1875, 3.875, 8.125, 3.9375], "texture": "#main"},
				"west": {"uv": [10.5, 3.375, 10.5625, 3.53125], "rotation": 270, "texture": "#main"},
				"up": {"uv": [10.375, 3.375, 10.4375, 3.53125], "texture": "#main"},
				"down": {"uv": [10.125, 3.375, 10.1875, 3.53125], "rotation": 180, "texture": "#main"}
			}
		},
		{
			"from": [7.6, 2.49077, 15.41648],
			"to": [8.4, 3.29077, 16.46648],
			"rotation": {"angle": 0, "axis": "x", "origin": [8, 2.89077, 15.06648]},
			"faces": {
				"north": {"uv": [11.59375, 0.84375, 11.5, 0.75], "rotation": 180, "texture": "#main"},
				"east": {"uv": [11.25, 3.25, 11.34375, 3.375], "rotation": 90, "texture": "#main"},
				"south": {"uv": [11.59375, 0.875, 11.5, 0.96875], "texture": "#main"},
				"west": {"uv": [11.375, 0, 11.46875, 0.125], "rotation": 270, "texture": "#main"},
				"up": {"uv": [8, 3.375, 8.09375, 3.5], "texture": "#main"},
				"down": {"uv": [11.25, 3.125, 11.34375, 3.25], "rotation": 180, "texture": "#main"}
			}
		},
		{
			"from": [7.75, 2.64077, 16.46648],
			"to": [8.25, 3.14077, 16.56648],
			"rotation": {"angle": 0, "axis": "x", "origin": [8, 2.89077, 15.06648]},
			"faces": {
				"north": {"uv": [11.9375, 0.1875, 11.875, 0.125], "rotation": 180, "texture": "#main"},
				"east": {"uv": [9.375, 3.875, 9.4375, 3.90625], "rotation": 90, "texture": "#main"},
				"south": {"uv": [8.3125, 3.875, 8.25, 3.9375], "texture": "#main"},
				"west": {"uv": [11.875, 1.5, 11.9375, 1.53125], "rotation": 270, "texture": "#main"},
				"up": {"uv": [11.875, 1.375, 11.9375, 1.40625], "texture": "#main"},
				"down": {"uv": [11.875, 1.25, 11.9375, 1.28125], "rotation": 180, "texture": "#main"}
			}
		},
		{
			"from": [7.55, 2.59077, 15.51648],
			"to": [7.6, 3.19077, 16.36648],
			"rotation": {"angle": 0, "axis": "x", "origin": [8, 2.89077, 15.06648]},
			"faces": {
				"north": {"uv": [11.90625, 1.6875, 11.875, 1.625], "rotation": 180, "texture": "#main"},
				"east": {"uv": [11.75, 1.25, 11.8125, 1.34375], "rotation": 90, "texture": "#main"},
				"south": {"uv": [9.78125, 3.875, 9.75, 3.9375], "texture": "#main"},
				"west": {"uv": [11.75, 1.875, 11.8125, 1.96875], "rotation": 270, "texture": "#main"},
				"up": {"uv": [8.625, 3.875, 8.65625, 3.96875], "texture": "#main"},
				"down": {"uv": [11.875, 0.5, 11.90625, 0.59375], "rotation": 180, "texture": "#main"}
			}
		},
		{
			"from": [8.4, 2.59077, 15.51648],
			"to": [8.45, 3.19077, 16.36648],
			"rotation": {"angle": 0, "axis": "x", "origin": [8, 2.89077, 15.06648]},
			"faces": {
				"north": {"uv": [11.90625, 1.8125, 11.875, 1.75], "rotation": 180, "texture": "#main"},
				"east": {"uv": [10, 3.75, 10.0625, 3.84375], "rotation": 90, "texture": "#main"},
				"south": {"uv": [11.90625, 1.875, 11.875, 1.9375], "texture": "#main"},
				"west": {"uv": [11.75, 2, 11.8125, 2.09375], "rotation": 270, "texture": "#main"},
				"up": {"uv": [8.75, 3.875, 8.78125, 3.96875], "texture": "#main"},
				"down": {"uv": [11.875, 0.625, 11.90625, 0.71875], "rotation": 180, "texture": "#main"}
			}
		},
		{
			"from": [7.7, 3.29077, 15.51648],
			"to": [8.3, 3.34077, 16.36648],
			"rotation": {"angle": 0, "axis": "x", "origin": [8, 2.89077, 15.06648]},
			"faces": {
				"north": {"uv": [10.0625, 3.90625, 10, 3.875], "rotation": 180, "texture": "#main"},
				"east": {"uv": [11.875, 0.75, 11.90625, 0.84375], "rotation": 90, "texture": "#main"},
				"south": {"uv": [11.9375, 2, 11.875, 2.03125], "texture": "#main"},
				"west": {"uv": [8.875, 3.875, 8.90625, 3.96875], "rotation": 270, "texture": "#main"},
				"up": {"uv": [10.375, 3.75, 10.4375, 3.84375], "texture": "#main"},
				"down": {"uv": [10.25, 3.75, 10.3125, 3.84375], "rotation": 180, "texture": "#main"}
			}
		},
		{
			"from": [7.7, 2.44077, 15.51648],
			"to": [8.3, 2.49077, 16.36648],
			"rotation": {"angle": 0, "axis": "x", "origin": [8, 2.89077, 15.06648]},
			"faces": {
				"north": {"uv": [10.1875, 3.90625, 10.125, 3.875], "rotation": 180, "texture": "#main"},
				"east": {"uv": [11.875, 0.875, 11.90625, 0.96875], "rotation": 90, "texture": "#main"},
				"south": {"uv": [11.9375, 2.125, 11.875, 2.15625], "texture": "#main"},
				"west": {"uv": [9, 3.875, 9.03125, 3.96875], "rotation": 270, "texture": "#main"},
				"up": {"uv": [10.625, 3.75, 10.6875, 3.84375], "texture": "#main"},
				"down": {"uv": [11.75, 2.5, 11.8125, 2.59375], "rotation": 180, "texture": "#main"}
			}
		},
		{
			"from": [7.9, 2.79077, 16.56648],
			"to": [8.1, 2.99077, 16.61648],
			"rotation": {"angle": 0, "axis": "x", "origin": [8, 2.89077, 15.06648]},
			"faces": {
				"north": {"uv": [10.53125, 3.90625, 10.5, 3.875], "rotation": 180, "texture": "#main"},
				"east": {"uv": [11.875, 2.25, 11.90625, 2.28125], "rotation": 90, "texture": "#main"},
				"south": {"uv": [11.90625, 2.5, 11.875, 2.53125], "texture": "#main"},
				"west": {"uv": [11.875, 2.375, 11.90625, 2.40625], "rotation": 270, "texture": "#main"},
				"up": {"uv": [10.375, 3.875, 10.40625, 3.90625], "texture": "#main"},
				"down": {"uv": [10.25, 3.875, 10.28125, 3.90625], "rotation": 180, "texture": "#main"}
			}
		},
		{
			"from": [7.55, 18.60432, 6.85514],
			"to": [8.45, 21.35432, 7.70514],
			"rotation": {"angle": 0, "axis": "x", "origin": [8, 21.45202, 6.94979]},
			"faces": {
				"north": {"uv": [8.5, 2.5, 8.625, 2.84375], "rotation": 180, "texture": "#main"},
				"east": {"uv": [10.625, 1.75, 10.71875, 2.09375], "rotation": 180, "texture": "#main"},
				"south": {"uv": [10.5, 0.375, 10.625, 0.71875], "rotation": 180, "texture": "#main"},
				"west": {"uv": [10.625, 2.125, 10.71875, 2.46875], "rotation": 180, "texture": "#main"},
				"up": {"uv": [11.5, 0.125, 11.375, 0.21875], "texture": "#main"},
				"down": {"uv": [8.25, 3.46875, 8.125, 3.375], "texture": "#main"}
			}
		},
		{
			"from": [7.6, 21.82577, 6.57718],
			"to": [8.4, 23.57577, 6.77718],
			"rotation": {"angle": -45, "axis": "x", "origin": [8, 22.16416, 6.8388]},
			"faces": {
				"north": {"uv": [10.625, 3, 10.71875, 3.21875], "rotation": 180, "texture": "#main"},
				"east": {"uv": [11.75, 0.75, 11.78125, 0.96875], "rotation": 180, "texture": "#main"},
				"south": {"uv": [10.5, 3, 10.59375, 3.21875], "rotation": 180, "texture": "#main"},
				"west": {"uv": [11.75, 1, 11.78125, 1.21875], "rotation": 180, "texture": "#main"},
				"up": {"uv": [9.34375, 3.875, 9.25, 3.90625], "texture": "#main"},
				"down": {"uv": [11.96875, 1.15625, 11.875, 1.125], "texture": "#main"}
			}
		},
		{
			"from": [7.6, 21.07577, 6.07718],
			"to": [8.4, 21.82577, 6.77718],
			"rotation": {"angle": -45, "axis": "x", "origin": [8, 22.16416, 6.8388]},
			"faces": {
				"north": {"uv": [11.5, 1.25, 11.59375, 1.34375], "rotation": 180, "texture": "#main"},
				"east": {"uv": [11.5, 1.125, 11.59375, 1.21875], "rotation": 180, "texture": "#main"},
				"south": {"uv": [9.125, 3.5, 9.21875, 3.59375], "rotation": 180, "texture": "#main"},
				"west": {"uv": [11.5, 1.375, 11.59375, 1.46875], "rotation": 180, "texture": "#main"},
				"up": {"uv": [11.59375, 1.5, 11.5, 1.59375], "texture": "#main"},
				"down": {"uv": [9.59375, 3.59375, 9.5, 3.5], "texture": "#main"}
			}
		},
		{
			"from": [8.2, 21.82577, 6.27718],
			"to": [8.4, 23.57577, 6.57718],
			"rotation": {"angle": -45, "axis": "x", "origin": [8, 22.16416, 6.8388]},
			"faces": {
				"north": {"uv": [11.75, 0.25, 11.78125, 0.46875], "rotation": 180, "texture": "#main"},
				"east": {"uv": [11.75, 0, 11.78125, 0.21875], "rotation": 180, "texture": "#main"},
				"south": {"uv": [11.625, 3.5, 11.65625, 3.71875], "rotation": 180, "texture": "#main"},
				"west": {"uv": [11.75, 0.5, 11.78125, 0.71875], "rotation": 180, "texture": "#main"},
				"up": {"uv": [12.03125, 1.25, 12, 1.28125], "texture": "#main"},
				"down": {"uv": [9.28125, 4.03125, 9.25, 4], "texture": "#main"}
			}
		},
		{
			"from": [7.6, 21.82577, 6.27718],
			"to": [7.8, 23.57577, 6.57718],
			"rotation": {"angle": -45, "axis": "x", "origin": [8, 22.16416, 6.8388]},
			"faces": {
				"north": {"uv": [9.625, 3.75, 9.65625, 3.96875], "rotation": 180, "texture": "#main"},
				"east": {"uv": [11.75, 1.5, 11.78125, 1.71875], "rotation": 180, "texture": "#main"},
				"south": {"uv": [9.5, 3.75, 9.53125, 3.96875], "rotation": 180, "texture": "#main"},
				"west": {"uv": [9.875, 3.75, 9.90625, 3.96875], "rotation": 180, "texture": "#main"},
				"up": {"uv": [12.03125, 1.375, 12, 1.40625], "texture": "#main"},
				"down": {"uv": [9.40625, 4.03125, 9.375, 4], "texture": "#main"}
			}
		},
		{
			"from": [7.6, 21.82577, 6.07718],
			"to": [8.4, 23.57577, 6.27718],
			"rotation": {"angle": -45, "axis": "x", "origin": [8, 22.16416, 6.8388]},
			"faces": {
				"north": {"uv": [10.375, 3, 10.46875, 3.21875], "rotation": 180, "texture": "#main"},
				"east": {"uv": [11.625, 3.25, 11.65625, 3.46875], "rotation": 180, "texture": "#main"},
				"south": {"uv": [10.25, 3, 10.34375, 3.21875], "rotation": 180, "texture": "#main"},
				"west": {"uv": [11.5, 3.625, 11.53125, 3.84375], "rotation": 180, "texture": "#main"},
				"up": {"uv": [9.21875, 3.875, 9.125, 3.90625], "texture": "#main"},
				"down": {"uv": [11.96875, 1.03125, 11.875, 1], "texture": "#main"}
			}
		},
		{
			"from": [7.5, 15.85885, 5.66123],
			"to": [8.5, 18.85885, 6.66123],
			"rotation": {"angle": -45, "axis": "x", "origin": [8, 20.11873, 6.57016]},
			"faces": {
				"north": {"uv": [8.25, 2.5, 8.375, 2.875], "rotation": 180, "texture": "#main"},
				"east": {"uv": [10.5, 0, 10.625, 0.375], "rotation": 180, "texture": "#main"},
				"south": {"uv": [9, 2.25, 9.125, 2.625], "rotation": 180, "texture": "#main"},
				"west": {"uv": [8.375, 2.5, 8.5, 2.875], "rotation": 180, "texture": "#main"},
				"up": {"uv": [9.375, 3.25, 9.25, 3.375], "texture": "#main"},
				"down": {"uv": [11.375, 1.25, 11.25, 1.125], "texture": "#main"}
			}
		},
		{
			"from": [6.7, 20.02257, 8.33308],
			"to": [6.95, 20.22257, 8.63308],
			"rotation": {"angle": -22.5, "axis": "x", "origin": [8, 16.29183, 8.13546]},
			"faces": {
				"north": {"uv": [11.15625, 3.875, 11.125, 3.90625], "rotation": 180, "texture": "#main"},
				"east": {"uv": [11.875, 2.625, 11.90625, 2.65625], "rotation": 270, "texture": "#main"},
				"south": {"uv": [11.90625, 3.03125, 11.875, 3], "texture": "#main"},
				"west": {"uv": [11.875, 2.875, 11.90625, 2.90625], "rotation": 90, "texture": "#main"},
				"up": {"uv": [10.625, 3.875, 10.65625, 3.90625], "rotation": 180, "texture": "#main"},
				"down": {"uv": [11.875, 2.75, 11.90625, 2.78125], "texture": "#main"}
			}
		},
		{
			"from": [6.6, 18.52257, 8.23308],
			"to": [7.05, 20.02257, 8.73308],
			"rotation": {"angle": -22.5, "axis": "x", "origin": [8, 16.29183, 8.13546]},
			"faces": {
				"north": {"uv": [8.9375, 3.375, 8.875, 3.5625], "rotation": 180, "texture": "#main"},
				"east": {"uv": [8.375, 3.375, 8.5625, 3.4375], "rotation": 270, "texture": "#main"},
				"south": {"uv": [11.4375, 0.9375, 11.375, 0.75], "texture": "#main"},
				"west": {"uv": [8.625, 3.375, 8.8125, 3.4375], "rotation": 90, "texture": "#main"},
				"up": {"uv": [11.875, 0.25, 11.9375, 0.3125], "rotation": 180, "texture": "#main"},
				"down": {"uv": [8.375, 3.875, 8.4375, 3.9375], "texture": "#main"}
			}
		},
		{
			"from": [6.5, 16.57364, 8.98927],
			"to": [7.15, 18.32364, 9.68927],
			"rotation": {"angle": -45, "axis": "x", "origin": [8, 16.29183, 8.13546]},
			"faces": {
				"north": {"uv": [8.84375, 3, 8.75, 3.21875], "rotation": 180, "texture": "#main"},
				"east": {"uv": [9.875, 0.375, 10.09375, 0.46875], "rotation": 270, "texture": "#main"},
				"south": {"uv": [9.21875, 2.09375, 9.125, 1.875], "texture": "#main"},
				"west": {"uv": [10.25, 0.25, 10.46875, 0.34375], "rotation": 90, "texture": "#main"},
				"up": {"uv": [11.5, 1.625, 11.59375, 1.71875], "rotation": 180, "texture": "#main"},
				"down": {"uv": [11.5, 1.75, 11.59375, 1.84375], "texture": "#main"}
			}
		},
		{
			"from": [6.4, 15.37641, 8.87265],
			"to": [7.25, 16.57641, 9.77265],
			"rotation": {"angle": -45, "axis": "x", "origin": [8, 16.29183, 8.13546]},
			"faces": {
				"north": {"uv": [10.96875, 3.25, 10.875, 3.40625], "rotation": 180, "texture": "#main"},
				"east": {"uv": [11.25, 0.375, 11.40625, 0.5], "rotation": 270, "texture": "#main"},
				"south": {"uv": [11.34375, 2.78125, 11.25, 2.625], "texture": "#main"},
				"west": {"uv": [8.5, 3.25, 8.65625, 3.375], "rotation": 90, "texture": "#main"},
				"up": {"uv": [8.25, 3.375, 8.34375, 3.5], "rotation": 180, "texture": "#main"},
				"down": {"uv": [11.375, 0.25, 11.46875, 0.375], "texture": "#main"}
			}
		},
		{
			"from": [8.75, 15.37641, 8.87265],
			"to": [9.6, 16.57641, 9.77265],
			"rotation": {"angle": -45, "axis": "x", "origin": [8, 16.29183, 8.13546]},
			"faces": {
				"north": {"uv": [11.09375, 3.25, 11, 3.40625], "rotation": 180, "texture": "#main"},
				"east": {"uv": [11.25, 0.5, 11.40625, 0.625], "rotation": 270, "texture": "#main"},
				"south": {"uv": [11.34375, 3.03125, 11.25, 2.875], "texture": "#main"},
				"west": {"uv": [11.25, 0.625, 11.40625, 0.75], "rotation": 90, "texture": "#main"},
				"up": {"uv": [11.375, 1.125, 11.46875, 1.25], "rotation": 180, "texture": "#main"},
				"down": {"uv": [9.5, 3.375, 9.59375, 3.5], "texture": "#main"}
			}
		},
		{
			"from": [8.85, 16.57364, 8.98927],
			"to": [9.5, 18.32364, 9.68927],
			"rotation": {"angle": -45, "axis": "x", "origin": [8, 16.29183, 8.13546]},
			"faces": {
				"north": {"uv": [11.09375, 2.125, 11, 2.34375], "rotation": 180, "texture": "#main"},
				"east": {"uv": [9.875, 3, 10.09375, 3.09375], "rotation": 270, "texture": "#main"},
				"south": {"uv": [10.21875, 3.21875, 10.125, 3], "texture": "#main"},
				"west": {"uv": [11, 2, 11.21875, 2.09375], "rotation": 90, "texture": "#main"},
				"up": {"uv": [11.5, 1.875, 11.59375, 1.96875], "rotation": 180, "texture": "#main"},
				"down": {"uv": [11.5, 2, 11.59375, 2.09375], "texture": "#main"}
			}
		},
		{
			"from": [8.95, 18.52257, 8.23308],
			"to": [9.4, 20.02257, 8.73308],
			"rotation": {"angle": -22.5, "axis": "x", "origin": [8, 16.29183, 8.13546]},
			"faces": {
				"north": {"uv": [9.4375, 3.375, 9.375, 3.5625], "rotation": 180, "texture": "#main"},
				"east": {"uv": [9, 3.375, 9.1875, 3.4375], "rotation": 270, "texture": "#main"},
				"south": {"uv": [9.3125, 3.5625, 9.25, 3.375], "texture": "#main"},
				"west": {"uv": [11.375, 1, 11.5625, 1.0625], "rotation": 90, "texture": "#main"},
				"up": {"uv": [11.875, 0.375, 11.9375, 0.4375], "rotation": 180, "texture": "#main"},
				"down": {"uv": [8.5, 3.875, 8.5625, 3.9375], "texture": "#main"}
			}
		},
		{
			"from": [9.05, 20.02257, 8.33308],
			"to": [9.3, 20.22257, 8.63308],
			"rotation": {"angle": -22.5, "axis": "x", "origin": [8, 16.29183, 8.13546]},
			"faces": {
				"north": {"uv": [11.65625, 3.875, 11.625, 3.90625], "rotation": 180, "texture": "#main"},
				"east": {"uv": [11.875, 3.25, 11.90625, 3.28125], "rotation": 270, "texture": "#main"},
				"south": {"uv": [11.90625, 3.53125, 11.875, 3.5], "texture": "#main"},
				"west": {"uv": [11.5, 3.875, 11.53125, 3.90625], "rotation": 90, "texture": "#main"},
				"up": {"uv": [11.875, 3.125, 11.90625, 3.15625], "rotation": 180, "texture": "#main"},
				"down": {"uv": [11.875, 3.375, 11.90625, 3.40625], "texture": "#main"}
			}
		},
		{
			"from": [7.18767, 12.35739, 9.74364],
			"to": [7.43767, 14.80739, 12.24364],
			"rotation": {"angle": -22.5, "axis": "z", "origin": [8, 16.29183, 8.13546]},
			"faces": {
				"north": {"uv": [11.40625, 3, 11.375, 3.3125], "rotation": 180, "texture": "#main"},
				"east": {"uv": [10.125, 0.375, 10.4375, 0.6875], "rotation": 270, "texture": "#main"},
				"south": {"uv": [10.78125, 3.6875, 10.75, 3.375], "texture": "#main"},
				"west": {"uv": [9.125, 2.125, 9.4375, 2.4375], "rotation": 90, "texture": "#main"},
				"up": {"uv": [10.625, 3.375, 10.65625, 3.6875], "rotation": 180, "texture": "#main"},
				"down": {"uv": [11.375, 2.625, 11.40625, 2.9375], "texture": "#main"}
			}
		},
		{
			"from": [7.18767, 14.80739, 9.59364],
			"to": [7.43767, 14.95739, 12.09364],
			"rotation": {"angle": -22.5, "axis": "z", "origin": [8, 16.29183, 8.13546]},
			"faces": {
				"north": {"uv": [12.03125, 0.25, 12, 0.28125], "rotation": 180, "texture": "#main"},
				"east": {"uv": [11.375, 3.375, 11.40625, 3.6875], "rotation": 270, "texture": "#main"},
				"south": {"uv": [8.28125, 4.03125, 8.25, 4], "texture": "#main"},
				"west": {"uv": [11.5, 0, 11.53125, 0.3125], "rotation": 90, "texture": "#main"},
				"up": {"uv": [11.25, 3.375, 11.28125, 3.6875], "rotation": 180, "texture": "#main"},
				"down": {"uv": [8, 3.5, 8.03125, 3.8125], "texture": "#main"}
			}
		},
		{
			"from": [7.18767, 12.95739, 12.24364],
			"to": [7.43767, 14.80739, 12.39364],
			"rotation": {"angle": -22.5, "axis": "z", "origin": [8, 16.29183, 8.13546]},
			"faces": {
				"north": {"uv": [10.15625, 3.625, 10.125, 3.84375], "rotation": 180, "texture": "#main"},
				"east": {"uv": [11.625, 1.75, 11.84375, 1.78125], "rotation": 270, "texture": "#main"},
				"south": {"uv": [11.65625, 2.09375, 11.625, 1.875], "texture": "#main"},
				"west": {"uv": [9.875, 3.625, 10.09375, 3.65625], "rotation": 90, "texture": "#main"},
				"up": {"uv": [8.375, 4, 8.40625, 4.03125], "rotation": 180, "texture": "#main"},
				"down": {"uv": [12, 0.375, 12.03125, 0.40625], "texture": "#main"}
			}
		},
		{
			"from": [7.18767, 12.10739, 9.99364],
			"to": [7.43767, 12.35739, 11.99364],
			"rotation": {"angle": -22.5, "axis": "z", "origin": [8, 16.29183, 8.13546]},
			"faces": {
				"north": {"uv": [11.78125, 3.875, 11.75, 3.90625], "rotation": 180, "texture": "#main"},
				"east": {"uv": [11.625, 0.625, 11.65625, 0.875], "rotation": 270, "texture": "#main"},
				"south": {"uv": [11.90625, 3.65625, 11.875, 3.625], "texture": "#main"},
				"west": {"uv": [11.625, 0.875, 11.65625, 1.125], "rotation": 90, "texture": "#main"},
				"up": {"uv": [11.625, 0.375, 11.65625, 0.625], "rotation": 180, "texture": "#main"},
				"down": {"uv": [8.875, 3.625, 8.90625, 3.875], "texture": "#main"}
			}
		},
		{
			"from": [7.18767, 11.95739, 10.34364],
			"to": [7.43767, 12.10739, 11.64364],
			"rotation": {"angle": -22.5, "axis": "z", "origin": [8, 16.29183, 8.13546]},
			"faces": {
				"north": {"uv": [11.90625, 3.875, 11.875, 3.90625], "rotation": 180, "texture": "#main"},
				"east": {"uv": [10.875, 3.75, 10.90625, 3.90625], "rotation": 270, "texture": "#main"},
				"south": {"uv": [11.90625, 3.78125, 11.875, 3.75], "texture": "#main"},
				"west": {"uv": [11, 3.75, 11.03125, 3.90625], "rotation": 90, "texture": "#main"},
				"up": {"uv": [10.75, 3.75, 10.78125, 3.90625], "rotation": 180, "texture": "#main"},
				"down": {"uv": [11.75, 2.875, 11.78125, 3.03125], "texture": "#main"}
			}
		},
		{
			"from": [7.18767, 12.60739, 9.49364],
			"to": [7.43767, 14.80739, 9.74364],
			"rotation": {"angle": -22.5, "axis": "z", "origin": [8, 16.29183, 8.13546]},
			"faces": {
				"north": {"uv": [11.53125, 2.75, 11.5, 3.03125], "rotation": 180, "texture": "#main"},
				"east": {"uv": [11.5, 2.125, 11.78125, 2.15625], "rotation": 270, "texture": "#main"},
				"south": {"uv": [11.53125, 2.65625, 11.5, 2.375], "texture": "#main"},
				"west": {"uv": [11.5, 2.25, 11.78125, 2.28125], "rotation": 90, "texture": "#main"},
				"up": {"uv": [8, 4, 8.03125, 4.03125], "rotation": 180, "texture": "#main"},
				"down": {"uv": [12, 0, 12.03125, 0.03125], "texture": "#main"}
			}
		},
		{
			"from": [7.18767, 13.10739, 9.34364],
			"to": [7.43767, 14.80739, 9.49364],
			"rotation": {"angle": -22.5, "axis": "z", "origin": [8, 16.29183, 8.13546]},
			"faces": {
				"north": {"uv": [9.78125, 3.625, 9.75, 3.84375], "rotation": 180, "texture": "#main"},
				"east": {"uv": [11.625, 1.375, 11.84375, 1.40625], "rotation": 270, "texture": "#main"},
				"south": {"uv": [11.65625, 1.71875, 11.625, 1.5], "texture": "#main"},
				"west": {"uv": [9.5, 3.625, 9.71875, 3.65625], "rotation": 90, "texture": "#main"},
				"up": {"uv": [8.125, 4, 8.15625, 4.03125], "rotation": 180, "texture": "#main"},
				"down": {"uv": [12, 0.125, 12.03125, 0.15625], "texture": "#main"}
			}
		},
		{
			"from": [8.56233, 12.35739, 9.74364],
			"to": [8.81233, 14.80739, 12.24364],
			"rotation": {"angle": 22.5, "axis": "z", "origin": [8, 16.29183, 8.13546]},
			"faces": {
				"north": {"uv": [11.53125, 0.375, 11.5, 0.6875], "rotation": 180, "texture": "#main"},
				"east": {"uv": [10.125, 1.375, 10.4375, 1.6875], "rotation": 270, "texture": "#main"},
				"south": {"uv": [8.40625, 3.8125, 8.375, 3.5], "texture": "#main"},
				"west": {"uv": [9.5, 2.125, 9.8125, 2.4375], "rotation": 90, "texture": "#main"},
				"up": {"uv": [8.125, 3.5, 8.15625, 3.8125], "rotation": 180, "texture": "#main"},
				"down": {"uv": [8.25, 3.5, 8.28125, 3.8125], "texture": "#main"}
			}
		},
		{
			"from": [8.56233, 12.95739, 12.24364],
			"to": [8.81233, 14.80739, 12.39364],
			"rotation": {"angle": 22.5, "axis": "z", "origin": [8, 16.29183, 8.13546]},
			"faces": {
				"north": {"uv": [11.15625, 3.625, 11.125, 3.84375], "rotation": 180, "texture": "#main"},
				"east": {"uv": [11.625, 2.75, 11.84375, 2.78125], "rotation": 270, "texture": "#main"},
				"south": {"uv": [11.65625, 3.09375, 11.625, 2.875], "texture": "#main"},
				"west": {"uv": [10.875, 3.625, 11.09375, 3.65625], "rotation": 90, "texture": "#main"},
				"up": {"uv": [9, 4, 9.03125, 4.03125], "rotation": 180, "texture": "#main"},
				"down": {"uv": [12, 1, 12.03125, 1.03125], "texture": "#main"}
			}
		},
		{
			"from": [8.56233, 14.80739, 9.59364],
			"to": [8.81233, 14.95739, 12.09364],
			"rotation": {"angle": 22.5, "axis": "z", "origin": [8, 16.29183, 8.13546]},
			"faces": {
				"north": {"uv": [12.03125, 1.125, 12, 1.15625], "rotation": 180, "texture": "#main"},
				"east": {"uv": [8.625, 3.5, 8.65625, 3.8125], "rotation": 270, "texture": "#main"},
				"south": {"uv": [9.15625, 4.03125, 9.125, 4], "texture": "#main"},
				"west": {"uv": [9, 3.5, 9.03125, 3.8125], "rotation": 90, "texture": "#main"},
				"up": {"uv": [8.5, 3.5, 8.53125, 3.8125], "rotation": 180, "texture": "#main"},
				"down": {"uv": [8.75, 3.5, 8.78125, 3.8125], "texture": "#main"}
			}
		},
		{
			"from": [8.56233, 12.10739, 9.99364],
			"to": [8.81233, 12.35739, 11.99364],
			"rotation": {"angle": 22.5, "axis": "z", "origin": [8, 16.29183, 8.13546]},
			"faces": {
				"north": {"uv": [12.03125, 0.625, 12, 0.65625], "rotation": 180, "texture": "#main"},
				"east": {"uv": [11.625, 1.125, 11.65625, 1.375], "rotation": 270, "texture": "#main"},
				"south": {"uv": [8.65625, 4.03125, 8.625, 4], "texture": "#main"},
				"west": {"uv": [9.375, 3.625, 9.40625, 3.875], "rotation": 90, "texture": "#main"},
				"up": {"uv": [9.125, 3.625, 9.15625, 3.875], "rotation": 180, "texture": "#main"},
				"down": {"uv": [9.25, 3.625, 9.28125, 3.875], "texture": "#main"}
			}
		},
		{
			"from": [8.56233, 11.95739, 10.34364],
			"to": [8.81233, 12.10739, 11.64364],
			"rotation": {"angle": 22.5, "axis": "z", "origin": [8, 16.29183, 8.13546]},
			"faces": {
				"north": {"uv": [12.03125, 0.5, 12, 0.53125], "rotation": 180, "texture": "#main"},
				"east": {"uv": [11.75, 3.25, 11.78125, 3.40625], "rotation": 270, "texture": "#main"},
				"south": {"uv": [8.53125, 4.03125, 8.5, 4], "texture": "#main"},
				"west": {"uv": [11.75, 3.5, 11.78125, 3.65625], "rotation": 90, "texture": "#main"},
				"up": {"uv": [11.25, 3.75, 11.28125, 3.90625], "rotation": 180, "texture": "#main"},
				"down": {"uv": [11.375, 3.75, 11.40625, 3.90625], "texture": "#main"}
			}
		},
		{
			"from": [8.56233, 12.60739, 9.49364],
			"to": [8.81233, 14.80739, 9.74364],
			"rotation": {"angle": 22.5, "axis": "z", "origin": [8, 16.29183, 8.13546]},
			"faces": {
				"north": {"uv": [11.65625, 0, 11.625, 0.28125], "rotation": 180, "texture": "#main"},
				"east": {"uv": [10.875, 3.5, 11.15625, 3.53125], "rotation": 270, "texture": "#main"},
				"south": {"uv": [11.53125, 3.53125, 11.5, 3.25], "texture": "#main"},
				"west": {"uv": [11.5, 3.125, 11.78125, 3.15625], "rotation": 90, "texture": "#main"},
				"up": {"uv": [8.875, 4, 8.90625, 4.03125], "rotation": 180, "texture": "#main"},
				"down": {"uv": [12, 0.875, 12.03125, 0.90625], "texture": "#main"}
			}
		},
		{
			"from": [8.56233, 13.10739, 9.34364],
			"to": [8.81233, 14.80739, 9.49364],
			"rotation": {"angle": 22.5, "axis": "z", "origin": [8, 16.29183, 8.13546]},
			"faces": {
				"north": {"uv": [11.65625, 2.5, 11.625, 2.71875], "rotation": 180, "texture": "#main"},
				"east": {"uv": [10.25, 3.625, 10.46875, 3.65625], "rotation": 270, "texture": "#main"},
				"south": {"uv": [10.53125, 3.84375, 10.5, 3.625], "texture": "#main"},
				"west": {"uv": [11.625, 2.375, 11.84375, 2.40625], "rotation": 90, "texture": "#main"},
				"up": {"uv": [8.75, 4, 8.78125, 4.03125], "rotation": 180, "texture": "#main"},
				"down": {"uv": [12, 0.75, 12.03125, 0.78125], "texture": "#main"}
			}
		},
		{
			"name": "Head",
			"from": [6.75, 14.82729, 8.84364],
			"to": [9.25, 17.27729, 11.84364],
			"rotation": {"angle": 0, "axis": "x", "origin": [8, 16.29183, 8.13546]},
			"faces": {
				"north": {"uv": [1.0625, 1.875, 0.75, 2.1875], "rotation": 180, "texture": "#main"},
				"east": {"uv": [1.75, 1.75, 2.0625, 2.125], "rotation": 270, "texture": "#main"},
				"south": {"uv": [0.6875, 2.1875, 0.375, 1.875], "texture": "#main"},
				"west": {"uv": [1.875, 0, 2.1875, 0.375], "rotation": 90, "texture": "#main"},
				"up": {"uv": [1.75, 1.375, 2.0625, 1.75], "rotation": 180, "texture": "#main"},
				"down": {"uv": [0, 1.875, 0.3125, 2.25], "texture": "#main"}
			}
		},
		{
			"name": "Neck",
			"from": [7, 12.83483, 9.01421],
			"to": [9, 14.93483, 11.01421],
			"rotation": {"angle": 0, "axis": "x", "origin": [8, 12.88483, 10.76421]},
			"faces": {
				"north": {"uv": [1, 2.25, 0.75, 2.5], "rotation": 180, "texture": "#main"},
				"east": {"uv": [0, 2.25, 0.25, 2.5], "rotation": 270, "texture": "#main"},
				"south": {"uv": [0.75, 2.5, 0.5, 2.25], "texture": "#main"},
				"west": {"uv": [0.25, 2.25, 0.5, 2.5], "rotation": 90, "texture": "#main"},
				"up": {"uv": [2.125, 0.75, 2.375, 1], "rotation": 180, "texture": "#main"},
				"down": {"uv": [2.25, 0, 2.5, 0.25], "texture": "#main"}
			}
		},
		{
			"from": [6.05, 2.17198, 7.90639],
			"to": [7.45, 4.77198, 9.55639],
			"rotation": {"angle": 22.5, "axis": "x", "origin": [6.75, 1.67198, 9.60639]},
			"faces": {
				"north": {"uv": [2.375, 2.125, 2.5625, 2.4375], "texture": "#main"},
				"east": {"uv": [1.875, 2.125, 2.09375, 2.4375], "texture": "#main"},
				"south": {"uv": [0, 2.5, 0.1875, 2.8125], "texture": "#main"},
				"west": {"uv": [2.125, 2.125, 2.34375, 2.4375], "texture": "#main"},
				"up": {"uv": [2.5625, 2.71875, 2.375, 2.5], "texture": "#main"},
				"down": {"uv": [2.8125, 0, 2.625, 0.21875], "texture": "#main"}
			}
		},
		{
			"from": [6.15, 1.75, 9.15],
			"to": [7.35, 3.1, 10.35],
			"rotation": {"angle": -22.5, "axis": "x", "origin": [6.75, 1.375, 10]},
			"faces": {
				"north": {"uv": [2.875, 0, 3.03125, 0.15625], "texture": "#main"},
				"east": {"uv": [0.25, 2.875, 0.40625, 3.03125], "texture": "#main"},
				"south": {"uv": [2.875, 0.25, 3.03125, 0.40625], "texture": "#main"},
				"west": {"uv": [2.875, 0.5, 3.03125, 0.65625], "texture": "#main"},
				"up": {"uv": [3.03125, 0.90625, 2.875, 0.75], "texture": "#main"},
				"down": {"uv": [1.03125, 2.875, 0.875, 3.03125], "texture": "#main"}
			}
		},
		{
			"from": [6.1, 0, 9.35],
			"to": [7.4, 0.75, 10.65],
			"rotation": {"angle": 0, "axis": "y", "origin": [16.75, 0, 0]},
			"faces": {
				"north": {"uv": [3.25, 2, 3.40625, 2.09375], "texture": "#main"},
				"east": {"uv": [2.125, 3.25, 2.28125, 3.34375], "texture": "#main"},
				"south": {"uv": [3.25, 2.125, 3.40625, 2.21875], "texture": "#main"},
				"west": {"uv": [3.25, 2.25, 3.40625, 2.34375], "texture": "#main"},
				"up": {"uv": [3.03125, 2.65625, 2.875, 2.5], "texture": "#main"},
				"down": {"uv": [3.03125, 2.75, 2.875, 2.90625], "texture": "#main"}
			}
		},
		{
			"from": [6.25, 0.5, 9.25],
			"to": [7.25, 1.75, 10.25],
			"rotation": {"angle": -22.5, "axis": "x", "origin": [6.75, 1.375, 10]},
			"faces": {
				"north": {"uv": [0.375, 3.125, 0.5, 3.28125], "texture": "#main"},
				"east": {"uv": [3.125, 0.5, 3.25, 0.65625], "texture": "#main"},
				"south": {"uv": [3.125, 0.75, 3.25, 0.90625], "texture": "#main"},
				"west": {"uv": [0.875, 3.125, 1, 3.28125], "texture": "#main"},
				"up": {"uv": [3.375, 0.875, 3.25, 0.75], "texture": "#main"},
				"down": {"uv": [3.375, 0.875, 3.25, 1], "texture": "#main"}
			}
		},
		{
			"from": [8.75, 0.5, 9.25],
			"to": [9.75, 1.75, 10.25],
			"rotation": {"angle": -22.5, "axis": "x", "origin": [9.25, 1.375, 10]},
			"faces": {
				"north": {"uv": [3.125, 0, 3.25, 0.15625], "texture": "#main"},
				"east": {"uv": [0.125, 3.125, 0.25, 3.28125], "texture": "#main"},
				"south": {"uv": [0.25, 3.125, 0.375, 3.28125], "texture": "#main"},
				"west": {"uv": [3.125, 0.25, 3.25, 0.40625], "texture": "#main"},
				"up": {"uv": [3.125, 2.5, 3, 2.375], "texture": "#main"},
				"down": {"uv": [0.875, 3.25, 0.75, 3.375], "texture": "#main"}
			}
		},
		{
			"from": [8.6, 0, 9.35],
			"to": [9.9, 0.75, 10.65],
			"rotation": {"angle": 0, "axis": "y", "origin": [-0.75, 0, 0]},
			"faces": {
				"north": {"uv": [1.625, 3.25, 1.78125, 3.34375], "texture": "#main"},
				"east": {"uv": [3.25, 1.625, 3.40625, 1.71875], "texture": "#main"},
				"south": {"uv": [3.25, 1.75, 3.40625, 1.84375], "texture": "#main"},
				"west": {"uv": [3.25, 1.875, 3.40625, 1.96875], "texture": "#main"},
				"up": {"uv": [2.90625, 1.90625, 2.75, 1.75], "texture": "#main"},
				"down": {"uv": [2.03125, 2.75, 1.875, 2.90625], "texture": "#main"}
			}
		},
		{
			"from": [8.65, 1.75, 9.15],
			"to": [9.85, 3.1, 10.35],
			"rotation": {"angle": -22.5, "axis": "x", "origin": [9.25, 1.375, 10]},
			"faces": {
				"north": {"uv": [2.75, 2, 2.90625, 2.15625], "texture": "#main"},
				"east": {"uv": [2.125, 2.75, 2.28125, 2.90625], "texture": "#main"},
				"south": {"uv": [2.75, 2.25, 2.90625, 2.40625], "texture": "#main"},
				"west": {"uv": [2.375, 2.75, 2.53125, 2.90625], "texture": "#main"},
				"up": {"uv": [2.78125, 2.90625, 2.625, 2.75], "texture": "#main"},
				"down": {"uv": [0.15625, 2.875, 0, 3.03125], "texture": "#main"}
			}
		},
		{
			"from": [8.55, 2.17198, 7.90639],
			"to": [9.95, 4.77198, 9.55639],
			"rotation": {"angle": 22.5, "axis": "x", "origin": [9.25, 1.67198, 9.60639]},
			"faces": {
				"north": {"uv": [2.25, 1, 2.4375, 1.3125], "texture": "#main"},
				"east": {"uv": [1.5, 0.5, 1.71875, 0.8125], "texture": "#main"},
				"south": {"uv": [2.375, 1.75, 2.5625, 2.0625], "texture": "#main"},
				"west": {"uv": [2.125, 1.75, 2.34375, 2.0625], "texture": "#main"},
				"up": {"uv": [2.6875, 1.46875, 2.5, 1.25], "texture": "#main"},
				"down": {"uv": [1.5625, 2.5, 1.375, 2.71875], "texture": "#main"}
			}
		},
		{
			"from": [6.1, 11.79004, 4.55355],
			"to": [7.4, 12.54004, 5.85355],
			"rotation": {"angle": -22.5, "axis": "x", "origin": [8, 12.66504, 5.20355]},
			"faces": {
				"north": {"uv": [2.375, 3.25, 2.53125, 3.34375], "texture": "#main"},
				"east": {"uv": [3.25, 2.375, 3.40625, 2.46875], "texture": "#main"},
				"south": {"uv": [3.25, 2.5, 3.40625, 2.59375], "texture": "#main"},
				"west": {"uv": [2.625, 3.25, 2.78125, 3.34375], "texture": "#main"},
				"up": {"uv": [1.78125, 3.15625, 1.625, 3], "texture": "#main"},
				"down": {"uv": [3.15625, 1.75, 3, 1.90625], "texture": "#main"}
			}
		},
		{
			"from": [6.25, 11.83921, 4.61517],
			"to": [7.25, 12.83921, 5.86517],
			"rotation": {"angle": 45, "axis": "x", "origin": [8, 11.33921, 5.11517]},
			"faces": {
				"north": {"uv": [1.25, 3.25, 1.125, 3.375], "rotation": 180, "texture": "#main"},
				"east": {"uv": [1.875, 3.125, 2, 3.28125], "rotation": 270, "texture": "#main"},
				"south": {"uv": [3.375, 1.125, 3.25, 1], "texture": "#main"},
				"west": {"uv": [3.125, 2.125, 3.25, 2.28125], "rotation": 90, "texture": "#main"},
				"up": {"uv": [1, 3.125, 1.125, 3.28125], "rotation": 180, "texture": "#main"},
				"down": {"uv": [2, 3.125, 2.125, 3.28125], "texture": "#main"}
			}
		},
		{
			"from": [6.15, 11.73921, 5.86517],
			"to": [7.35, 12.93921, 7.11517],
			"rotation": {"angle": 45, "axis": "x", "origin": [8, 11.33921, 5.11517]},
			"faces": {
				"north": {"uv": [3.15625, 1.5, 3, 1.65625], "rotation": 180, "texture": "#main"},
				"east": {"uv": [3, 1, 3.15625, 1.15625], "rotation": 270, "texture": "#main"},
				"south": {"uv": [1.53125, 3.15625, 1.375, 3], "texture": "#main"},
				"west": {"uv": [3, 1.25, 3.15625, 1.40625], "rotation": 90, "texture": "#main"},
				"up": {"uv": [0.5, 3, 0.65625, 3.15625], "rotation": 180, "texture": "#main"},
				"down": {"uv": [1.125, 3, 1.28125, 3.15625], "texture": "#main"}
			}
		},
		{
			"from": [6.05, 10.63921, 6.61517],
			"to": [7.45, 12.03921, 8.36517],
			"rotation": {"angle": -45, "axis": "x", "origin": [8, 11.33921, 7.74017]},
			"faces": {
				"north": {"uv": [1.0625, 2.625, 0.875, 2.8125], "rotation": 180, "texture": "#main"},
				"east": {"uv": [1.625, 2.5, 1.8125, 2.71875], "rotation": 270, "texture": "#main"},
				"south": {"uv": [2.8125, 0.9375, 2.625, 0.75], "texture": "#main"},
				"west": {"uv": [2.125, 2.5, 2.3125, 2.71875], "rotation": 90, "texture": "#main"},
				"up": {"uv": [2.5, 1.5, 2.6875, 1.71875], "rotation": 180, "texture": "#main"},
				"down": {"uv": [1.875, 2.5, 2.0625, 2.71875], "texture": "#main"}
			}
		},
		{
			"from": [8.6, 11.79004, 4.55355],
			"to": [9.9, 12.54004, 5.85355],
			"rotation": {"angle": -22.5, "axis": "x", "origin": [8, 12.66504, 5.20355]},
			"faces": {
				"north": {"uv": [3.25, 1.25, 3.40625, 1.34375], "texture": "#main"},
				"east": {"uv": [1.375, 3.25, 1.53125, 3.34375], "texture": "#main"},
				"south": {"uv": [3.25, 1.375, 3.40625, 1.46875], "texture": "#main"},
				"west": {"uv": [3.25, 1.5, 3.40625, 1.59375], "texture": "#main"},
				"up": {"uv": [2.78125, 2.65625, 2.625, 2.5], "texture": "#main"},
				"down": {"uv": [0.78125, 2.75, 0.625, 2.90625], "texture": "#main"}
			}
		},
		{
			"from": [8.75, 11.83921, 4.61517],
			"to": [9.75, 12.83921, 5.86517],
			"rotation": {"angle": 45, "axis": "x", "origin": [8, 11.33921, 5.11517]},
			"faces": {
				"north": {"uv": [0.625, 2.875, 0.5, 3], "rotation": 180, "texture": "#main"},
				"east": {"uv": [2.875, 3, 3, 3.15625], "rotation": 270, "texture": "#main"},
				"south": {"uv": [1, 2.625, 0.875, 2.5], "texture": "#main"},
				"west": {"uv": [0, 3.125, 0.125, 3.28125], "rotation": 90, "texture": "#main"},
				"up": {"uv": [2.75, 3, 2.875, 3.15625], "rotation": 180, "texture": "#main"},
				"down": {"uv": [3, 3, 3.125, 3.15625], "texture": "#main"}
			}
		},
		{
			"from": [8.65, 11.73921, 5.86517],
			"to": [9.85, 12.93921, 7.11517],
			"rotation": {"angle": 45, "axis": "x", "origin": [8, 11.33921, 5.11517]},
			"faces": {
				"north": {"uv": [1.78125, 2.75, 1.625, 2.90625], "rotation": 180, "texture": "#main"},
				"east": {"uv": [1.125, 2.75, 1.28125, 2.90625], "rotation": 270, "texture": "#main"},
				"south": {"uv": [2.90625, 1.65625, 2.75, 1.5], "texture": "#main"},
				"west": {"uv": [1.375, 2.75, 1.53125, 2.90625], "rotation": 90, "texture": "#main"},
				"up": {"uv": [2.75, 1, 2.90625, 1.15625], "rotation": 180, "texture": "#main"},
				"down": {"uv": [2.75, 1.25, 2.90625, 1.40625], "texture": "#main"}
			}
		},
		{
			"from": [8.55, 10.63921, 6.61517],
			"to": [9.95, 12.03921, 8.36517],
			"rotation": {"angle": -45, "axis": "x", "origin": [8, 11.33921, 7.74017]},
			"faces": {
				"north": {"uv": [2.8125, 0.5, 2.625, 0.6875], "rotation": 180, "texture": "#main"},
				"east": {"uv": [0.625, 2.5, 0.8125, 2.71875], "rotation": 270, "texture": "#main"},
				"south": {"uv": [2.8125, 0.4375, 2.625, 0.25], "texture": "#main"},
				"west": {"uv": [1.125, 2.5, 1.3125, 2.71875], "rotation": 90, "texture": "#main"},
				"up": {"uv": [2.375, 0.75, 2.5625, 0.96875], "rotation": 180, "texture": "#main"},
				"down": {"uv": [2.5, 1, 2.6875, 1.21875], "texture": "#main"}
			}
		},
		{
			"from": [6.25, 9.78921, 7.61517],
			"to": [9.75, 12.88921, 11.11517],
			"rotation": {"angle": 0, "axis": "x", "origin": [8, 9.01202, 7.37719]},
			"faces": {
				"north": {"uv": [0.4375, 1.5, 0, 1.875], "rotation": 180, "texture": "#main"},
				"east": {"uv": [0.875, 1.375, 1.25, 1.8125], "rotation": 270, "texture": "#main"},
				"south": {"uv": [1.6875, 1.75, 1.25, 1.375], "texture": "#main"},
				"west": {"uv": [1.375, 0.875, 1.75, 1.3125], "rotation": 90, "texture": "#main"},
				"up": {"uv": [0.5, 0, 0.9375, 0.4375], "rotation": 180, "texture": "#main"},
				"down": {"uv": [0.5, 0.5, 0.9375, 0.9375], "texture": "#main"}
			}
		},
		{
			"from": [6.15, 6.68921, 7.41517],
			"to": [9.85, 9.78921, 10.91517],
			"rotation": {"angle": 0, "axis": "x", "origin": [8, 9.01202, 7.37719]},
			"faces": {
				"north": {"uv": [1.46875, 0.5, 1, 0.875], "rotation": 180, "texture": "#main"},
				"east": {"uv": [1, 0.875, 1.375, 1.3125], "rotation": 270, "texture": "#main"},
				"south": {"uv": [0.96875, 1.375, 0.5, 1], "texture": "#main"},
				"west": {"uv": [0.5, 1.375, 0.875, 1.8125], "rotation": 90, "texture": "#main"},
				"up": {"uv": [0, 0, 0.46875, 0.4375], "rotation": 180, "texture": "#main"},
				"down": {"uv": [0, 0.5, 0.46875, 0.9375], "texture": "#main"}
			}
		},
		{
			"from": [6.25, 3.58921, 7.61517],
			"to": [9.75, 6.68921, 11.11517],
			"rotation": {"angle": 0, "axis": "x", "origin": [8, 9.01202, 7.37719]},
			"faces": {
				"north": {"uv": [1.6875, 1.75, 1.25, 2.125], "rotation": 180, "texture": "#main"},
				"east": {"uv": [1.5, 0, 1.875, 0.4375], "rotation": 270, "texture": "#main"},
				"south": {"uv": [2.1875, 1.375, 1.75, 1], "texture": "#main"},
				"west": {"uv": [1.75, 0.5, 2.125, 0.9375], "rotation": 90, "texture": "#main"},
				"up": {"uv": [0, 1, 0.4375, 1.4375], "rotation": 180, "texture": "#main"},
				"down": {"uv": [1, 0, 1.4375, 0.4375], "texture": "#main"}
			}
		},
		{
			"from": [7.7, 1.98281, 13.18834],
			"to": [8.3, 4.48281, 13.73834],
			"rotation": {"angle": -45, "axis": "x", "origin": [8, 0.88272, 12.97595]},
			"faces": {
				"north": {"uv": [3.125, 2.375, 3.1875, 2.6875], "texture": "#main"},
				"east": {"uv": [3.125, 2.75, 3.1875, 3.0625], "texture": "#main"},
				"south": {"uv": [3.125, 3.125, 3.1875, 3.4375], "texture": "#main"},
				"west": {"uv": [3.25, 0, 3.3125, 0.3125], "texture": "#main"},
				"up": {"uv": [3.8125, 2.6875, 3.75, 2.625], "texture": "#main"},
				"down": {"uv": [3.6875, 3.75, 3.625, 3.8125], "texture": "#main"}
			}
		},
		{
			"from": [7.75, 1.11074, 12.038],
			"to": [8.25, 1.61074, 13.288],
			"rotation": {"angle": 22.5, "axis": "x", "origin": [8, 0.66074, 13.888]},
			"faces": {
				"north": {"uv": [3.8125, 3.8125, 3.75, 3.75], "rotation": 180, "texture": "#main"},
				"east": {"uv": [1.75, 3.375, 1.8125, 3.53125], "rotation": 90, "texture": "#main"},
				"south": {"uv": [0.0625, 3.875, 0, 3.9375], "texture": "#main"},
				"west": {"uv": [2, 3.375, 2.0625, 3.53125], "rotation": 270, "texture": "#main"},
				"up": {"uv": [1.875, 3.375, 1.9375, 3.53125], "texture": "#main"},
				"down": {"uv": [1.625, 3.375, 1.6875, 3.53125], "rotation": 180, "texture": "#main"}
			}
		},
		{
			"from": [7.75, 1.11074, 13.288],
			"to": [8.25, 1.61074, 14.538],
			"rotation": {"angle": 22.5, "axis": "x", "origin": [8, 0.66074, 13.888]},
			"faces": {
				"north": {"uv": [3.9375, 0.0625, 3.875, 0], "rotation": 180, "texture": "#main"},
				"east": {"uv": [2.25, 3.375, 2.3125, 3.53125], "rotation": 90, "texture": "#main"},
				"south": {"uv": [0.1875, 3.875, 0.125, 3.9375], "texture": "#main"},
				"west": {"uv": [2.5, 3.375, 2.5625, 3.53125], "rotation": 270, "texture": "#main"},
				"up": {"uv": [2.375, 3.375, 2.4375, 3.53125], "texture": "#main"},
				"down": {"uv": [2.125, 3.375, 2.1875, 3.53125], "rotation": 180, "texture": "#main"}
			}
		},
		{
			"from": [7.6, 0.96074, 14.538],
			"to": [8.4, 1.76074, 15.588],
			"rotation": {"angle": 22.5, "axis": "x", "origin": [8, 0.66074, 13.888]},
			"faces": {
				"north": {"uv": [3.59375, 0.84375, 3.5, 0.75], "rotation": 180, "texture": "#main"},
				"east": {"uv": [3.25, 3.25, 3.34375, 3.375], "rotation": 90, "texture": "#main"},
				"south": {"uv": [3.59375, 0.875, 3.5, 0.96875], "texture": "#main"},
				"west": {"uv": [3.375, 0, 3.46875, 0.125], "rotation": 270, "texture": "#main"},
				"up": {"uv": [0, 3.375, 0.09375, 3.5], "texture": "#main"},
				"down": {"uv": [3.25, 3.125, 3.34375, 3.25], "rotation": 180, "texture": "#main"}
			}
		},
		{
			"from": [7.75, 1.11074, 15.588],
			"to": [8.25, 1.61074, 15.688],
			"rotation": {"angle": 22.5, "axis": "x", "origin": [8, 0.66074, 13.888]},
			"faces": {
				"north": {"uv": [3.9375, 0.1875, 3.875, 0.125], "rotation": 180, "texture": "#main"},
				"east": {"uv": [1.375, 3.875, 1.4375, 3.90625], "rotation": 90, "texture": "#main"},
				"south": {"uv": [0.3125, 3.875, 0.25, 3.9375], "texture": "#main"},
				"west": {"uv": [3.875, 1.5, 3.9375, 1.53125], "rotation": 270, "texture": "#main"},
				"up": {"uv": [3.875, 1.375, 3.9375, 1.40625], "texture": "#main"},
				"down": {"uv": [3.875, 1.25, 3.9375, 1.28125], "rotation": 180, "texture": "#main"}
			}
		},
		{
			"from": [7.55, 1.06074, 14.638],
			"to": [7.6, 1.66074, 15.488],
			"rotation": {"angle": 22.5, "axis": "x", "origin": [8, 0.66074, 13.888]},
			"faces": {
				"north": {"uv": [3.90625, 1.6875, 3.875, 1.625], "rotation": 180, "texture": "#main"},
				"east": {"uv": [3.75, 1.25, 3.8125, 1.34375], "rotation": 90, "texture": "#main"},
				"south": {"uv": [1.78125, 3.875, 1.75, 3.9375], "texture": "#main"},
				"west": {"uv": [3.75, 1.875, 3.8125, 1.96875], "rotation": 270, "texture": "#main"},
				"up": {"uv": [0.625, 3.875, 0.65625, 3.96875], "texture": "#main"},
				"down": {"uv": [3.875, 0.5, 3.90625, 0.59375], "rotation": 180, "texture": "#main"}
			}
		},
		{
			"from": [8.4, 1.06074, 14.638],
			"to": [8.45, 1.66074, 15.488],
			"rotation": {"angle": 22.5, "axis": "x", "origin": [8, 0.66074, 13.888]},
			"faces": {
				"north": {"uv": [3.90625, 1.8125, 3.875, 1.75], "rotation": 180, "texture": "#main"},
				"east": {"uv": [2, 3.75, 2.0625, 3.84375], "rotation": 90, "texture": "#main"},
				"south": {"uv": [3.90625, 1.875, 3.875, 1.9375], "texture": "#main"},
				"west": {"uv": [3.75, 2, 3.8125, 2.09375], "rotation": 270, "texture": "#main"},
				"up": {"uv": [0.75, 3.875, 0.78125, 3.96875], "texture": "#main"},
				"down": {"uv": [3.875, 0.625, 3.90625, 0.71875], "rotation": 180, "texture": "#main"}
			}
		},
		{
			"from": [7.7, 1.76074, 14.638],
			"to": [8.3, 1.81074, 15.488],
			"rotation": {"angle": 22.5, "axis": "x", "origin": [8, 0.66074, 13.888]},
			"faces": {
				"north": {"uv": [2.0625, 3.90625, 2, 3.875], "rotation": 180, "texture": "#main"},
				"east": {"uv": [3.875, 0.75, 3.90625, 0.84375], "rotation": 90, "texture": "#main"},
				"south": {"uv": [3.9375, 2, 3.875, 2.03125], "texture": "#main"},
				"west": {"uv": [0.875, 3.875, 0.90625, 3.96875], "rotation": 270, "texture": "#main"},
				"up": {"uv": [2.375, 3.75, 2.4375, 3.84375], "texture": "#main"},
				"down": {"uv": [2.25, 3.75, 2.3125, 3.84375], "rotation": 180, "texture": "#main"}
			}
		},
		{
			"from": [7.7, 0.91074, 14.638],
			"to": [8.3, 0.96074, 15.488],
			"rotation": {"angle": 22.5, "axis": "x", "origin": [8, 0.66074, 13.888]},
			"faces": {
				"north": {"uv": [2.1875, 3.90625, 2.125, 3.875], "rotation": 180, "texture": "#main"},
				"east": {"uv": [3.875, 0.875, 3.90625, 0.96875], "rotation": 90, "texture": "#main"},
				"south": {"uv": [3.9375, 2.125, 3.875, 2.15625], "texture": "#main"},
				"west": {"uv": [1, 3.875, 1.03125, 3.96875], "rotation": 270, "texture": "#main"},
				"up": {"uv": [2.625, 3.75, 2.6875, 3.84375], "texture": "#main"},
				"down": {"uv": [3.75, 2.5, 3.8125, 2.59375], "rotation": 180, "texture": "#main"}
			}
		},
		{
			"from": [7.9, 1.26074, 15.688],
			"to": [8.1, 1.46074, 15.738],
			"rotation": {"angle": 22.5, "axis": "x", "origin": [8, 0.66074, 13.888]},
			"faces": {
				"north": {"uv": [2.53125, 3.90625, 2.5, 3.875], "rotation": 180, "texture": "#main"},
				"east": {"uv": [3.875, 2.25, 3.90625, 2.28125], "rotation": 90, "texture": "#main"},
				"south": {"uv": [3.90625, 2.5, 3.875, 2.53125], "texture": "#main"},
				"west": {"uv": [3.875, 2.375, 3.90625, 2.40625], "rotation": 270, "texture": "#main"},
				"up": {"uv": [2.375, 3.875, 2.40625, 3.90625], "texture": "#main"},
				"down": {"uv": [2.25, 3.875, 2.28125, 3.90625], "rotation": 180, "texture": "#main"}
			}
		},
		{
			"from": [7.55, 19.38992, 7.7628],
			"to": [8.45, 22.13992, 8.6128],
			"rotation": {"angle": 0, "axis": "x", "origin": [8, 20.66492, 7.6878]},
			"faces": {
				"north": {"uv": [0.5, 2.5, 0.625, 2.84375], "rotation": 180, "texture": "#main"},
				"east": {"uv": [2.625, 1.75, 2.71875, 2.09375], "rotation": 180, "texture": "#main"},
				"south": {"uv": [2.5, 0.375, 2.625, 0.71875], "rotation": 180, "texture": "#main"},
				"west": {"uv": [2.625, 2.125, 2.71875, 2.46875], "rotation": 180, "texture": "#main"},
				"up": {"uv": [3.5, 0.125, 3.375, 0.21875], "texture": "#main"},
				"down": {"uv": [0.25, 3.46875, 0.125, 3.375], "texture": "#main"}
			}
		},
		{
			"from": [7.6, 22.18291, 7.93083],
			"to": [8.4, 23.93291, 8.13083],
			"rotation": {"angle": -22.5, "axis": "x", "origin": [8, 22.8713, 6.64244]},
			"faces": {
				"north": {"uv": [2.625, 3, 2.71875, 3.21875], "rotation": 180, "texture": "#main"},
				"east": {"uv": [3.75, 0.75, 3.78125, 0.96875], "rotation": 180, "texture": "#main"},
				"south": {"uv": [2.5, 3, 2.59375, 3.21875], "rotation": 180, "texture": "#main"},
				"west": {"uv": [3.75, 1, 3.78125, 1.21875], "rotation": 180, "texture": "#main"},
				"up": {"uv": [1.34375, 3.875, 1.25, 3.90625], "texture": "#main"},
				"down": {"uv": [3.96875, 1.15625, 3.875, 1.125], "texture": "#main"}
			}
		},
		{
			"from": [7.6, 21.43291, 7.43083],
			"to": [8.4, 22.18291, 8.13083],
			"rotation": {"angle": -22.5, "axis": "x", "origin": [8, 22.8713, 6.64244]},
			"faces": {
				"north": {"uv": [3.5, 1.25, 3.59375, 1.34375], "rotation": 180, "texture": "#main"},
				"east": {"uv": [3.5, 1.125, 3.59375, 1.21875], "rotation": 180, "texture": "#main"},
				"south": {"uv": [1.125, 3.5, 1.21875, 3.59375], "rotation": 180, "texture": "#main"},
				"west": {"uv": [3.5, 1.375, 3.59375, 1.46875], "rotation": 180, "texture": "#main"},
				"up": {"uv": [3.59375, 1.5, 3.5, 1.59375], "texture": "#main"},
				"down": {"uv": [1.59375, 3.59375, 1.5, 3.5], "texture": "#main"}
			}
		},
		{
			"from": [8.2, 22.18291, 7.63083],
			"to": [8.4, 23.93291, 7.93083],
			"rotation": {"angle": -22.5, "axis": "x", "origin": [8, 22.8713, 6.64244]},
			"faces": {
				"north": {"uv": [3.75, 0.25, 3.78125, 0.46875], "rotation": 180, "texture": "#main"},
				"east": {"uv": [3.75, 0, 3.78125, 0.21875], "rotation": 180, "texture": "#main"},
				"south": {"uv": [3.625, 3.5, 3.65625, 3.71875], "rotation": 180, "texture": "#main"},
				"west": {"uv": [3.75, 0.5, 3.78125, 0.71875], "rotation": 180, "texture": "#main"},
				"up": {"uv": [4.03125, 1.25, 4, 1.28125], "texture": "#main"},
				"down": {"uv": [1.28125, 4.03125, 1.25, 4], "texture": "#main"}
			}
		},
		{
			"from": [7.6, 22.18291, 7.63083],
			"to": [7.8, 23.93291, 7.93083],
			"rotation": {"angle": -22.5, "axis": "x", "origin": [8, 22.8713, 6.64244]},
			"faces": {
				"north": {"uv": [1.625, 3.75, 1.65625, 3.96875], "rotation": 180, "texture": "#main"},
				"east": {"uv": [3.75, 1.5, 3.78125, 1.71875], "rotation": 180, "texture": "#main"},
				"south": {"uv": [1.5, 3.75, 1.53125, 3.96875], "rotation": 180, "texture": "#main"},
				"west": {"uv": [1.875, 3.75, 1.90625, 3.96875], "rotation": 180, "texture": "#main"},
				"up": {"uv": [4.03125, 1.375, 4, 1.40625], "texture": "#main"},
				"down": {"uv": [1.40625, 4.03125, 1.375, 4], "texture": "#main"}
			}
		},
		{
			"from": [7.6, 22.18291, 7.43083],
			"to": [8.4, 23.93291, 7.63083],
			"rotation": {"angle": -22.5, "axis": "x", "origin": [8, 22.8713, 6.64244]},
			"faces": {
				"north": {"uv": [2.375, 3, 2.46875, 3.21875], "rotation": 180, "texture": "#main"},
				"east": {"uv": [3.625, 3.25, 3.65625, 3.46875], "rotation": 180, "texture": "#main"},
				"south": {"uv": [2.25, 3, 2.34375, 3.21875], "rotation": 180, "texture": "#main"},
				"west": {"uv": [3.5, 3.625, 3.53125, 3.84375], "rotation": 180, "texture": "#main"},
				"up": {"uv": [1.21875, 3.875, 1.125, 3.90625], "texture": "#main"},
				"down": {"uv": [3.96875, 1.03125, 3.875, 1], "texture": "#main"}
			}
		},
		{
			"from": [7.5, 16.13796, 7.45754],
			"to": [8.5, 19.13796, 8.45754],
			"rotation": {"angle": -22.5, "axis": "x", "origin": [8, 19.88847, 7.03466]},
			"faces": {
				"north": {"uv": [0.25, 2.5, 0.375, 2.875], "rotation": 180, "texture": "#main"},
				"east": {"uv": [2.5, 0, 2.625, 0.375], "rotation": 180, "texture": "#main"},
				"south": {"uv": [1, 2.25, 1.125, 2.625], "rotation": 180, "texture": "#main"},
				"west": {"uv": [0.375, 2.5, 0.5, 2.875], "rotation": 180, "texture": "#main"},
				"up": {"uv": [1.375, 3.25, 1.25, 3.375], "texture": "#main"},
				"down": {"uv": [3.375, 1.25, 3.25, 1.125], "texture": "#main"}
			}
		},
		{
			"from": [6.7, 20.02257, 8.33308],
			"to": [6.95, 20.22257, 8.63308],
			"rotation": {"angle": -22.5, "axis": "x", "origin": [8, 16.29183, 8.13546]},
			"faces": {
				"north": {"uv": [3.15625, 3.875, 3.125, 3.90625], "rotation": 180, "texture": "#main"},
				"east": {"uv": [3.875, 2.625, 3.90625, 2.65625], "rotation": 270, "texture": "#main"},
				"south": {"uv": [3.90625, 3.03125, 3.875, 3], "texture": "#main"},
				"west": {"uv": [3.875, 2.875, 3.90625, 2.90625], "rotation": 90, "texture": "#main"},
				"up": {"uv": [2.625, 3.875, 2.65625, 3.90625], "rotation": 180, "texture": "#main"},
				"down": {"uv": [3.875, 2.75, 3.90625, 2.78125], "texture": "#main"}
			}
		},
		{
			"from": [6.6, 18.52257, 8.23308],
			"to": [7.05, 20.02257, 8.73308],
			"rotation": {"angle": -22.5, "axis": "x", "origin": [8, 16.29183, 8.13546]},
			"faces": {
				"north": {"uv": [0.9375, 3.375, 0.875, 3.5625], "rotation": 180, "texture": "#main"},
				"east": {"uv": [0.375, 3.375, 0.5625, 3.4375], "rotation": 270, "texture": "#main"},
				"south": {"uv": [3.4375, 0.9375, 3.375, 0.75], "texture": "#main"},
				"west": {"uv": [0.625, 3.375, 0.8125, 3.4375], "rotation": 90, "texture": "#main"},
				"up": {"uv": [3.875, 0.25, 3.9375, 0.3125], "rotation": 180, "texture": "#main"},
				"down": {"uv": [0.375, 3.875, 0.4375, 3.9375], "texture": "#main"}
			}
		},
		{
			"from": [6.5, 16.57364, 8.98927],
			"to": [7.15, 18.32364, 9.68927],
			"rotation": {"angle": -45, "axis": "x", "origin": [8, 16.29183, 8.13546]},
			"faces": {
				"north": {"uv": [0.84375, 3, 0.75, 3.21875], "rotation": 180, "texture": "#main"},
				"east": {"uv": [1.875, 0.375, 2.09375, 0.46875], "rotation": 270, "texture": "#main"},
				"south": {"uv": [1.21875, 2.09375, 1.125, 1.875], "texture": "#main"},
				"west": {"uv": [2.25, 0.25, 2.46875, 0.34375], "rotation": 90, "texture": "#main"},
				"up": {"uv": [3.5, 1.625, 3.59375, 1.71875], "rotation": 180, "texture": "#main"},
				"down": {"uv": [3.5, 1.75, 3.59375, 1.84375], "texture": "#main"}
			}
		},
		{
			"from": [6.4, 15.37641, 8.87265],
			"to": [7.25, 16.57641, 9.77265],
			"rotation": {"angle": -45, "axis": "x", "origin": [8, 16.29183, 8.13546]},
			"faces": {
				"north": {"uv": [2.96875, 3.25, 2.875, 3.40625], "rotation": 180, "texture": "#main"},
				"east": {"uv": [3.25, 0.375, 3.40625, 0.5], "rotation": 270, "texture": "#main"},
				"south": {"uv": [3.34375, 2.78125, 3.25, 2.625], "texture": "#main"},
				"west": {"uv": [0.5, 3.25, 0.65625, 3.375], "rotation": 90, "texture": "#main"},
				"up": {"uv": [0.25, 3.375, 0.34375, 3.5], "rotation": 180, "texture": "#main"},
				"down": {"uv": [3.375, 0.25, 3.46875, 0.375], "texture": "#main"}
			}
		},
		{
			"from": [8.75, 15.37641, 8.87265],
			"to": [9.6, 16.57641, 9.77265],
			"rotation": {"angle": -45, "axis": "x", "origin": [8, 16.29183, 8.13546]},
			"faces": {
				"north": {"uv": [3.09375, 3.25, 3, 3.40625], "rotation": 180, "texture": "#main"},
				"east": {"uv": [3.25, 0.5, 3.40625, 0.625], "rotation": 270, "texture": "#main"},
				"south": {"uv": [3.34375, 3.03125, 3.25, 2.875], "texture": "#main"},
				"west": {"uv": [3.25, 0.625, 3.40625, 0.75], "rotation": 90, "texture": "#main"},
				"up": {"uv": [3.375, 1.125, 3.46875, 1.25], "rotation": 180, "texture": "#main"},
				"down": {"uv": [1.5, 3.375, 1.59375, 3.5], "texture": "#main"}
			}
		},
		{
			"from": [8.85, 16.57364, 8.98927],
			"to": [9.5, 18.32364, 9.68927],
			"rotation": {"angle": -45, "axis": "x", "origin": [8, 16.29183, 8.13546]},
			"faces": {
				"north": {"uv": [3.09375, 2.125, 3, 2.34375], "rotation": 180, "texture": "#main"},
				"east": {"uv": [1.875, 3, 2.09375, 3.09375], "rotation": 270, "texture": "#main"},
				"south": {"uv": [2.21875, 3.21875, 2.125, 3], "texture": "#main"},
				"west": {"uv": [3, 2, 3.21875, 2.09375], "rotation": 90, "texture": "#main"},
				"up": {"uv": [3.5, 1.875, 3.59375, 1.96875], "rotation": 180, "texture": "#main"},
				"down": {"uv": [3.5, 2, 3.59375, 2.09375], "texture": "#main"}
			}
		},
		{
			"from": [8.95, 18.52257, 8.23308],
			"to": [9.4, 20.02257, 8.73308],
			"rotation": {"angle": -22.5, "axis": "x", "origin": [8, 16.29183, 8.13546]},
			"faces": {
				"north": {"uv": [1.4375, 3.375, 1.375, 3.5625], "rotation": 180, "texture": "#main"},
				"east": {"uv": [1, 3.375, 1.1875, 3.4375], "rotation": 270, "texture": "#main"},
				"south": {"uv": [1.3125, 3.5625, 1.25, 3.375], "texture": "#main"},
				"west": {"uv": [3.375, 1, 3.5625, 1.0625], "rotation": 90, "texture": "#main"},
				"up": {"uv": [3.875, 0.375, 3.9375, 0.4375], "rotation": 180, "texture": "#main"},
				"down": {"uv": [0.5, 3.875, 0.5625, 3.9375], "texture": "#main"}
			}
		},
		{
			"from": [9.05, 20.02257, 8.33308],
			"to": [9.3, 20.22257, 8.63308],
			"rotation": {"angle": -22.5, "axis": "x", "origin": [8, 16.29183, 8.13546]},
			"faces": {
				"north": {"uv": [3.65625, 3.875, 3.625, 3.90625], "rotation": 180, "texture": "#main"},
				"east": {"uv": [3.875, 3.25, 3.90625, 3.28125], "rotation": 270, "texture": "#main"},
				"south": {"uv": [3.90625, 3.53125, 3.875, 3.5], "texture": "#main"},
				"west": {"uv": [3.5, 3.875, 3.53125, 3.90625], "rotation": 90, "texture": "#main"},
				"up": {"uv": [3.875, 3.125, 3.90625, 3.15625], "rotation": 180, "texture": "#main"},
				"down": {"uv": [3.875, 3.375, 3.90625, 3.40625], "texture": "#main"}
			}
		},
		{
			"from": [7.18767, 12.35739, 9.74364],
			"to": [7.43767, 14.80739, 12.24364],
			"rotation": {"angle": -22.5, "axis": "z", "origin": [8, 16.29183, 8.13546]},
			"faces": {
				"north": {"uv": [3.40625, 3, 3.375, 3.3125], "rotation": 180, "texture": "#main"},
				"east": {"uv": [2.125, 0.375, 2.4375, 0.6875], "rotation": 270, "texture": "#main"},
				"south": {"uv": [2.78125, 3.6875, 2.75, 3.375], "texture": "#main"},
				"west": {"uv": [1.125, 2.125, 1.4375, 2.4375], "rotation": 90, "texture": "#main"},
				"up": {"uv": [2.625, 3.375, 2.65625, 3.6875], "rotation": 180, "texture": "#main"},
				"down": {"uv": [3.375, 2.625, 3.40625, 2.9375], "texture": "#main"}
			}
		},
		{
			"from": [7.18767, 14.80739, 9.59364],
			"to": [7.43767, 14.95739, 12.09364],
			"rotation": {"angle": -22.5, "axis": "z", "origin": [8, 16.29183, 8.13546]},
			"faces": {
				"north": {"uv": [4.03125, 0.25, 4, 0.28125], "rotation": 180, "texture": "#main"},
				"east": {"uv": [3.375, 3.375, 3.40625, 3.6875], "rotation": 270, "texture": "#main"},
				"south": {"uv": [0.28125, 4.03125, 0.25, 4], "texture": "#main"},
				"west": {"uv": [3.5, 0, 3.53125, 0.3125], "rotation": 90, "texture": "#main"},
				"up": {"uv": [3.25, 3.375, 3.28125, 3.6875], "rotation": 180, "texture": "#main"},
				"down": {"uv": [0, 3.5, 0.03125, 3.8125], "texture": "#main"}
			}
		},
		{
			"from": [7.18767, 12.95739, 12.24364],
			"to": [7.43767, 14.80739, 12.39364],
			"rotation": {"angle": -22.5, "axis": "z", "origin": [8, 16.29183, 8.13546]},
			"faces": {
				"north": {"uv": [2.15625, 3.625, 2.125, 3.84375], "rotation": 180, "texture": "#main"},
				"east": {"uv": [3.625, 1.75, 3.84375, 1.78125], "rotation": 270, "texture": "#main"},
				"south": {"uv": [3.65625, 2.09375, 3.625, 1.875], "texture": "#main"},
				"west": {"uv": [1.875, 3.625, 2.09375, 3.65625], "rotation": 90, "texture": "#main"},
				"up": {"uv": [0.375, 4, 0.40625, 4.03125], "rotation": 180, "texture": "#main"},
				"down": {"uv": [4, 0.375, 4.03125, 0.40625], "texture": "#main"}
			}
		},
		{
			"from": [7.18767, 12.10739, 9.99364],
			"to": [7.43767, 12.35739, 11.99364],
			"rotation": {"angle": -22.5, "axis": "z", "origin": [8, 16.29183, 8.13546]},
			"faces": {
				"north": {"uv": [3.78125, 3.875, 3.75, 3.90625], "rotation": 180, "texture": "#main"},
				"east": {"uv": [3.625, 0.625, 3.65625, 0.875], "rotation": 270, "texture": "#main"},
				"south": {"uv": [3.90625, 3.65625, 3.875, 3.625], "texture": "#main"},
				"west": {"uv": [3.625, 0.875, 3.65625, 1.125], "rotation": 90, "texture": "#main"},
				"up": {"uv": [3.625, 0.375, 3.65625, 0.625], "rotation": 180, "texture": "#main"},
				"down": {"uv": [0.875, 3.625, 0.90625, 3.875], "texture": "#main"}
			}
		},
		{
			"from": [7.18767, 11.95739, 10.34364],
			"to": [7.43767, 12.10739, 11.64364],
			"rotation": {"angle": -22.5, "axis": "z", "origin": [8, 16.29183, 8.13546]},
			"faces": {
				"north": {"uv": [3.90625, 3.875, 3.875, 3.90625], "rotation": 180, "texture": "#main"},
				"east": {"uv": [2.875, 3.75, 2.90625, 3.90625], "rotation": 270, "texture": "#main"},
				"south": {"uv": [3.90625, 3.78125, 3.875, 3.75], "texture": "#main"},
				"west": {"uv": [3, 3.75, 3.03125, 3.90625], "rotation": 90, "texture": "#main"},
				"up": {"uv": [2.75, 3.75, 2.78125, 3.90625], "rotation": 180, "texture": "#main"},
				"down": {"uv": [3.75, 2.875, 3.78125, 3.03125], "texture": "#main"}
			}
		},
		{
			"from": [7.18767, 12.60739, 9.49364],
			"to": [7.43767, 14.80739, 9.74364],
			"rotation": {"angle": -22.5, "axis": "z", "origin": [8, 16.29183, 8.13546]},
			"faces": {
				"north": {"uv": [3.53125, 2.75, 3.5, 3.03125], "rotation": 180, "texture": "#main"},
				"east": {"uv": [3.5, 2.125, 3.78125, 2.15625], "rotation": 270, "texture": "#main"},
				"south": {"uv": [3.53125, 2.65625, 3.5, 2.375], "texture": "#main"},
				"west": {"uv": [3.5, 2.25, 3.78125, 2.28125], "rotation": 90, "texture": "#main"},
				"up": {"uv": [0, 4, 0.03125, 4.03125], "rotation": 180, "texture": "#main"},
				"down": {"uv": [4, 0, 4.03125, 0.03125], "texture": "#main"}
			}
		},
		{
			"from": [7.18767, 13.10739, 9.34364],
			"to": [7.43767, 14.80739, 9.49364],
			"rotation": {"angle": -22.5, "axis": "z", "origin": [8, 16.29183, 8.13546]},
			"faces": {
				"north": {"uv": [1.78125, 3.625, 1.75, 3.84375], "rotation": 180, "texture": "#main"},
				"east": {"uv": [3.625, 1.375, 3.84375, 1.40625], "rotation": 270, "texture": "#main"},
				"south": {"uv": [3.65625, 1.71875, 3.625, 1.5], "texture": "#main"},
				"west": {"uv": [1.5, 3.625, 1.71875, 3.65625], "rotation": 90, "texture": "#main"},
				"up": {"uv": [0.125, 4, 0.15625, 4.03125], "rotation": 180, "texture": "#main"},
				"down": {"uv": [4, 0.125, 4.03125, 0.15625], "texture": "#main"}
			}
		},
		{
			"from": [8.56233, 12.35739, 9.74364],
			"to": [8.81233, 14.80739, 12.24364],
			"rotation": {"angle": 22.5, "axis": "z", "origin": [8, 16.29183, 8.13546]},
			"faces": {
				"north": {"uv": [3.53125, 0.375, 3.5, 0.6875], "rotation": 180, "texture": "#main"},
				"east": {"uv": [2.125, 1.375, 2.4375, 1.6875], "rotation": 270, "texture": "#main"},
				"south": {"uv": [0.40625, 3.8125, 0.375, 3.5], "texture": "#main"},
				"west": {"uv": [1.5, 2.125, 1.8125, 2.4375], "rotation": 90, "texture": "#main"},
				"up": {"uv": [0.125, 3.5, 0.15625, 3.8125], "rotation": 180, "texture": "#main"},
				"down": {"uv": [0.25, 3.5, 0.28125, 3.8125], "texture": "#main"}
			}
		},
		{
			"from": [8.56233, 12.95739, 12.24364],
			"to": [8.81233, 14.80739, 12.39364],
			"rotation": {"angle": 22.5, "axis": "z", "origin": [8, 16.29183, 8.13546]},
			"faces": {
				"north": {"uv": [3.15625, 3.625, 3.125, 3.84375], "rotation": 180, "texture": "#main"},
				"east": {"uv": [3.625, 2.75, 3.84375, 2.78125], "rotation": 270, "texture": "#main"},
				"south": {"uv": [3.65625, 3.09375, 3.625, 2.875], "texture": "#main"},
				"west": {"uv": [2.875, 3.625, 3.09375, 3.65625], "rotation": 90, "texture": "#main"},
				"up": {"uv": [1, 4, 1.03125, 4.03125], "rotation": 180, "texture": "#main"},
				"down": {"uv": [4, 1, 4.03125, 1.03125], "texture": "#main"}
			}
		},
		{
			"from": [8.56233, 14.80739, 9.59364],
			"to": [8.81233, 14.95739, 12.09364],
			"rotation": {"angle": 22.5, "axis": "z", "origin": [8, 16.29183, 8.13546]},
			"faces": {
				"north": {"uv": [4.03125, 1.125, 4, 1.15625], "rotation": 180, "texture": "#main"},
				"east": {"uv": [0.625, 3.5, 0.65625, 3.8125], "rotation": 270, "texture": "#main"},
				"south": {"uv": [1.15625, 4.03125, 1.125, 4], "texture": "#main"},
				"west": {"uv": [1, 3.5, 1.03125, 3.8125], "rotation": 90, "texture": "#main"},
				"up": {"uv": [0.5, 3.5, 0.53125, 3.8125], "rotation": 180, "texture": "#main"},
				"down": {"uv": [0.75, 3.5, 0.78125, 3.8125], "texture": "#main"}
			}
		},
		{
			"from": [8.56233, 12.10739, 9.99364],
			"to": [8.81233, 12.35739, 11.99364],
			"rotation": {"angle": 22.5, "axis": "z", "origin": [8, 16.29183, 8.13546]},
			"faces": {
				"north": {"uv": [4.03125, 0.625, 4, 0.65625], "rotation": 180, "texture": "#main"},
				"east": {"uv": [3.625, 1.125, 3.65625, 1.375], "rotation": 270, "texture": "#main"},
				"south": {"uv": [0.65625, 4.03125, 0.625, 4], "texture": "#main"},
				"west": {"uv": [1.375, 3.625, 1.40625, 3.875], "rotation": 90, "texture": "#main"},
				"up": {"uv": [1.125, 3.625, 1.15625, 3.875], "rotation": 180, "texture": "#main"},
				"down": {"uv": [1.25, 3.625, 1.28125, 3.875], "texture": "#main"}
			}
		},
		{
			"from": [8.56233, 11.95739, 10.34364],
			"to": [8.81233, 12.10739, 11.64364],
			"rotation": {"angle": 22.5, "axis": "z", "origin": [8, 16.29183, 8.13546]},
			"faces": {
				"north": {"uv": [4.03125, 0.5, 4, 0.53125], "rotation": 180, "texture": "#main"},
				"east": {"uv": [3.75, 3.25, 3.78125, 3.40625], "rotation": 270, "texture": "#main"},
				"south": {"uv": [0.53125, 4.03125, 0.5, 4], "texture": "#main"},
				"west": {"uv": [3.75, 3.5, 3.78125, 3.65625], "rotation": 90, "texture": "#main"},
				"up": {"uv": [3.25, 3.75, 3.28125, 3.90625], "rotation": 180, "texture": "#main"},
				"down": {"uv": [3.375, 3.75, 3.40625, 3.90625], "texture": "#main"}
			}
		},
		{
			"from": [8.56233, 12.60739, 9.49364],
			"to": [8.81233, 14.80739, 9.74364],
			"rotation": {"angle": 22.5, "axis": "z", "origin": [8, 16.29183, 8.13546]},
			"faces": {
				"north": {"uv": [3.65625, 0, 3.625, 0.28125], "rotation": 180, "texture": "#main"},
				"east": {"uv": [2.875, 3.5, 3.15625, 3.53125], "rotation": 270, "texture": "#main"},
				"south": {"uv": [3.53125, 3.53125, 3.5, 3.25], "texture": "#main"},
				"west": {"uv": [3.5, 3.125, 3.78125, 3.15625], "rotation": 90, "texture": "#main"},
				"up": {"uv": [0.875, 4, 0.90625, 4.03125], "rotation": 180, "texture": "#main"},
				"down": {"uv": [4, 0.875, 4.03125, 0.90625], "texture": "#main"}
			}
		},
		{
			"from": [8.56233, 13.10739, 9.34364],
			"to": [8.81233, 14.80739, 9.49364],
			"rotation": {"angle": 22.5, "axis": "z", "origin": [8, 16.29183, 8.13546]},
			"faces": {
				"north": {"uv": [3.65625, 2.5, 3.625, 2.71875], "rotation": 180, "texture": "#main"},
				"east": {"uv": [2.25, 3.625, 2.46875, 3.65625], "rotation": 270, "texture": "#main"},
				"south": {"uv": [2.53125, 3.84375, 2.5, 3.625], "texture": "#main"},
				"west": {"uv": [3.625, 2.375, 3.84375, 2.40625], "rotation": 90, "texture": "#main"},
				"up": {"uv": [0.75, 4, 0.78125, 4.03125], "rotation": 180, "texture": "#main"},
				"down": {"uv": [4, 0.75, 4.03125, 0.78125], "texture": "#main"}
			}
		}
	],
	"display": {
		"thirdperson_righthand": {
			"rotation": [90, 0, 0],
			"translation": [-5.75, -6.75, 20],
			"scale": [4, 4, 4]
		}
	},
	"groups": [
		0,
		1,
		2,
		3,
		4,
		5,
		6,
		7,
		8,
		9,
		10,
		11,
		12,
		13,
		14,
		15,
		16,
		17,
		18,
		19,
		20,
		21,
		22,
		23,
		24,
		25,
		26,
		27,
		28,
		29,
		30,
		31,
		32,
		33,
		34,
		35,
		36,
		37,
		38,
		39,
		40,
		41,
		42,
		43,
		44,
		45,
		46,
		47,
		48,
		49,
		50,
		51,
		52,
		53,
		54,
		55,
		56,
		57,
		58,
		59,
		60,
		61,
		{
			"name": "LBL",
			"origin": [6.75, 1.375, 10],
			"color": 0,
			"children": [62, 63, 64, 65]
		},
		{
			"name": "RBL",
			"origin": [9.25, 1.67198, 9.60639],
			"color": 0,
			"children": [66, 67, 68, 69]
		},
		{
			"name": "LFL",
			"origin": [17, 0, 0],
			"color": 0,
			"children": [70, 71, 72, 73]
		},
		{
			"name": "RFL",
			"origin": [-1, 0, 0],
			"color": 0,
			"children": [74, 75, 76, 77]
		},
		{
			"name": "Body",
			"origin": [0, 0, 0],
			"color": 0,
			"children": [78, 79, 80]
		},
		{
			"name": "Tail",
			"origin": [8, 5.75, 11.55],
			"color": 0,
			"children": [81, 82, 83, 84, 85, 86, 87, 88, 89, 90]
		},
		{
			"name": "Trunk",
			"origin": [8, 8.5, -1.575],
			"color": 0,
			"children": [91, 92, 93, 94, 95, 96, 97]
		},
		{
			"name": "LTusk",
			"origin": [6.825, 7.35433, 0.01903],
			"color": 0,
			"children": [98, 99, 100, 101]
		},
		{
			"name": "RTusk",
			"origin": [9.175, 5.17601, -2.1828],
			"color": 0,
			"children": [102, 103, 104, 105]
		},
		{
			"name": "LEar",
			"origin": [6.625, 8.5, 0.875],
			"color": 0,
			"children": [106, 107, 108, 109, 110, 111, 112]
		},
		{
			"name": "REar",
			"origin": [9.375, 8.5, 0.875],
			"color": 0,
			"children": [113, 114, 115, 116, 117, 118, 119]
		}
	]
}