{
    "custom.mob.lion": {
        "subtitle": "Lion roars",
        "replace": false,
        "sounds": [
            {
                "name": "custom/lionhurt",
                "volume": 1,
                "weight": 1,
                "pitch": 1,
                "attenuation_distance": 16,
                "stream": false,
                "preload": false
            },
            {
                "name": "custom/lionroar",
                "volume": 1,
                "weight": 1,
                "pitch": 1,
                "attenuation_distance": 16,
                "stream": false,
                "preload": false
            }
        ]
    },
	"custom.mob.elephant": {
        "subtitle": "Elephant trumpets",
        "replace": false,
        "sounds": [
            {
                "name": "custom/elephant",
                "volume": 1,
                "weight": 1,
                "pitch": 1,
                "attenuation_distance": 16,
                "stream": false,
                "preload": false
            }
        ]
    }
}